x1,y1,z1,x2,y2,z2,x3,y3,z3,x4,y4,z4,x5,y5,z5,x6,y6,z6,x7,y7,z7,x8,y8,z8,x9,y9,z9,x10,y10,z10,x11,y11,z11,x12,y12,z12,x13,y13,z13,x14,y14,z14,x15,y15,z15,x16,y16,z16,x17,y17,z17,x18,y18,z18,x19,y19,z19,x20,y20,z20,x21,y21,z21,x22,y22,z22,x23,y23,z23,x24,y24,z24,x25,y25,z25,x26,y26,z26,x27,y27,z27,x28,y28,z28,x29,y29,z29,x30,y30,z30,x31,y31,z31,x32,y32,z32,x33,y33,z33,x34,y34,z34,x35,y35,z35,x36,y36,z36,x37,y37,z37,x38,y38,z38,x39,y39,z39,x40,y40,z40,x41,y41,z41,x42,y42,z42,x43,y43,z43,x44,y44,z44,x45,y45,z45,x46,y46,z46,x47,y47,z47,x48,y48,z48,x49,y49,z49,x50,y50,z50,CATG
16.12544,-5.626546,-3.668029,13.2307625,-9.27542,0.9601042,9.182044,-9.474146,-3.354379,7.185219,-8.107015,0.77574503,5.114171,-7.4222517,0.75180227,2.727079,-7.161276,-2.8611584,5.7175283,-9.064724,-3.0383348,10.158908,-10.218765,-1.472479,10.185245,-5.39909,-0.7805336,10.702409,-6.941003,-2.456526,13.683281,-6.1532865,-0.845179,15.862071,-3.459727,-1.0798179,14.432689,-6.091035,-1.3192455,12.383189,-12.244322,-1.2091088,8.8636055,-8.92825,0.5123748,5.0064287,-8.889942,-0.27294734,2.3679378,-7.307327,-1.7214836,5.4493694,-8.707977,-0.83081335,9.517242,-8.032792,-3.0239692,9.179649,-5.8947043,-2.2458298,8.834874,-6.454965,-3.0694604,13.403151,-7.5443597,-0.30886146,16.680912,-3.3759274,1.2043202,14.913938,-6.1317377,-1.515576,13.695251,-10.00328,-1.2713599,10.017646,-8.490098,-1.5107874,6.941003,-8.583475,-0.52674043,2.2601955,-8.45179,-2.1189332,3.9792848,-8.786988,0.5123748,6.7446723,-9.294575,-1.2857256,10.989721,-9.09585,-3.0215747,9.215564,-5.193182,-1.3934679,11.566742,-7.4102807,-2.3846977,15.428707,-4.07745,0.09337672,14.696059,-4.2187123,-1.3096683,13.908342,-8.231517,-1.3192455,11.099858,-11.78462,-0.409421,7.7239304,-9.227535,0.014365649,2.3344178,-7.989695,-1.3168511,2.6791935,-7.249864,-0.89067024,6.6967864,-10.197216,-1.3144568,11.892363,-9.57231,-3.45015,10.005674,-6.2514515,-1.1181264,8.885154,-5.90907,-2.6073654,12.184464,-5.727105,-1.063058,16.06319,-4.000833,0.12210801,13.63779,-6.936214,-0.9816527,12.773457,-12.112637,-0.39505535,9.390346,-8.241094,-0.1699935,6.3567996,-8.597841,-0.45012367,Walking
11.466182,-5.5810547,-1.0510867,12.088694,-6.359194,0.45730647,13.812572,-3.675212,-0.19633053,16.58993,-6.0000525,-2.7845416,15.028863,-11.387171,1.802889,10.585089,-10.929865,-0.9577099,6.8859344,-10.455798,-0.600963,1.7621863,-8.245882,-0.3974496,2.047105,-7.867587,0.023942748,5.8779445,-9.924269,-1.2546,11.95222,-11.983345,-2.248224,11.152532,-6.577073,-1.759792,11.12859,-7.9681463,-0.8356019,14.705636,-4.276175,-0.5961744,15.907562,-4.573065,-0.69912827,15.373638,-8.791777,-1.7262721,9.98652,-14.09749,0.34477556,6.8069234,-9.349643,-0.14605077,3.2035396,-8.035186,-1.8364087,1.6544439,-7.7742105,0.2083019,4.975303,-9.91948,-1.1971374,11.047184,-11.157321,-0.39505535,11.329708,-7.680834,-1.4964218,10.170879,-6.201172,-3.1772027,12.706416,-5.7462597,-1.8435916,15.203645,-3.7590115,-0.8284191,14.406351,-8.339259,0.057462595,13.149357,-12.706416,-0.44054657,9.086273,-10.075109,1.211503,5.1189594,-9.117398,-0.6368771,0.88588166,-8.830086,-0.4285752,2.7989073,-8.889942,-0.7446195,7.063111,-12.546,-1.6664152,12.3257265,-9.431048,-1.3814965,10.776631,-5.480495,-3.258608,10.695226,-5.5283804,-1.2043202,13.901159,-4.8747435,-0.9481328,16.549227,-7.106208,-2.8563697,14.526065,-12.701628,-0.57223165,8.351231,-10.599455,0.6392714,3.799714,-8.655303,-2.1644244,1.4293821,-8.547561,0.36392978,2.5427198,-8.786988,-0.083799616,6.56989,-10.599455,-1.7502149,12.804582,-12.409526,-1.5993756,8.360807,-7.0367737,-0.9601042,9.09585,-7.778999,-2.2769554,11.727158,-7.168459,0.06464542,17.023294,-5.834848,-0.7901107,13.472585,-10.678466,-0.6440599,Walking
10.59706,-5.9042816,-1.4916332,9.9889145,-7.642525,-3.1772027,13.328928,-5.3512044,-1.3862851,15.464621,-4.6065845,1.594587,13.465402,-7.048745,-4.2594147,11.506885,-11.686456,0.7206767,8.415876,-9.091062,1.2162915,3.213117,-9.366403,0.09337672,1.3216397,-7.5898514,-1.2210802,3.9601305,-10.486923,0.29210153,11.1142235,-11.626598,-3.2298768,10.051166,-7.273807,-0.7948992,8.980925,-5.9114647,-2.6097596,11.150138,-6.5555243,-1.5227587,15.589124,-4.7933383,-1.7023294,14.274667,-9.816526,-0.5889916,11.423085,-12.974575,-0.33519846,7.9968777,-8.463761,1.4078336,5.097411,-7.7311134,-0.4166038,1.2617828,-8.336864,0.43336374,3.4094474,-9.519637,-0.3902668,8.2027855,-10.376787,0.045491222,11.372806,-9.634562,-3.9313993,9.718362,-4.905869,-2.047105,9.852441,-7.125362,-1.1396748,13.992142,-4.0966043,-0.2561874,15.340118,-8.391933,-0.1699935,13.271465,-11.116618,-0.05027977,8.5331955,-9.857229,1.9585168,6.057515,-8.818114,0.28731298,2.7821474,-7.640131,0.60335726,2.7917244,-8.128563,0.014365649,6.201172,-9.883567,-1.6328955,11.10704,-10.259467,-5.1812105,7.7335076,-5.827665,-1.2138973,9.371192,-8.269825,-2.7294734,13.75032,-6.811712,-1.1899546,14.200444,-5.602603,-0.71588814,13.017673,-9.531608,-2.597788,10.077502,-13.994536,0.1699935,6.1101894,-9.821315,-0.09337672,3.0048149,-8.023215,-0.71828246,1.1492519,-8.063917,-0.5770202,4.170827,-9.845258,-1.350371,10.913105,-11.827718,-0.67757976,10.63058,-6.689604,-1.4868447,8.480521,-6.3998966,-2.030345,9.708784,-7.161276,-0.6392714,14.401563,-5.715134,-0.031125572,13.664126,-5.147691,-1.9202085,Walking
1.5467016,-8.734315,2.1931558,7.4198575,-10.987327,-4.2402606,12.833313,-11.631387,-3.519584,10.673677,-7.0726876,0.7853221,11.250697,-7.805336,-5.6792197,13.577932,-5.087834,0.36871833,16.3098,-5.9976583,-1.5012103,14.997737,-11.487731,0.014365649,10.460587,-13.697646,1.7717633,5.6002088,-10.139753,-0.009577099,3.3400133,-8.789383,0.3519584,1.4796618,-7.18043,-0.021548472,4.017593,-10.034406,-1.0295382,12.227561,-12.720782,-2.631308,11.248303,-6.9745226,-0.3519584,10.144543,-8.18842,-2.8180614,13.338505,-5.767808,0.679974,16.45585,-4.1588554,-0.59378016,13.659338,-8.849239,-1.673598,11.8061695,-13.48695,-0.14126222,7.142122,-9.75667,-0.08619389,4.2594147,-9.28021,1.1971374,2.5187771,-7.537177,-0.67757976,2.7366562,-9.692024,0.59378016,10.032011,-11.8301115,-3.6632404,10.472558,-7.8747697,-1.0008069,10.328901,-7.14691,-2.4972286,12.974575,-6.3472223,-1.4700848,15.790242,-3.6967604,-1.175589,14.830138,-6.8955116,-0.65842557,13.187666,-13.132597,0.7781393,8.226728,-10.190034,0.22745611,5.253039,-8.760652,0.4740664,2.3894863,-8.063917,-1.0032011,3.7494342,-8.114198,-0.42139238,6.7231236,-10.039194,-1.5083932,10.36721,-9.268238,-2.221887,9.138947,-5.7630196,-1.7454263,9.60583,-7.3001437,-1.4748733,15.680106,-4.522785,-0.5913859,15.074354,-6.567496,-1.0846065,13.108655,-9.763853,-0.5123748,10.149331,-7.9561753,0.11971374,5.803722,-9.205987,-0.2753416,1.9465454,-8.559532,-1.1157321,3.1580484,-9.665688,0.6943397,6.857203,-10.644946,0.22506183,10.759871,-9.110215,-2.7462332,7.9585695,-3.8547823,-2.569057,8.118986,-6.28976,-0.82123625,Walking
3.4716985,-8.365596,-2.0159793,1.6520497,-7.6066113,-3.2897336,3.6105664,-10.046377,-4.364763,11.11183,-10.996904,3.7302802,11.040001,-6.2322974,-2.588211,7.0798707,-5.1692395,-2.3942747,7.788576,-7.379155,-0.679974,15.464621,-4.946572,-0.45012367,16.135017,-7.067899,-1.3551595,12.4358635,-9.811738,-0.6153286,9.881172,-9.804555,0.38547826,7.2546525,-8.777411,-0.11253092,2.5092,-8.542772,-0.18914771,2.865947,-8.624178,0.12689656,5.1620564,-10.388759,-0.28252444,12.972181,-9.205987,-6.7231236,8.593052,-5.288953,-0.9960183,11.693638,-7.980118,-1.7526091,14.190866,-4.5970078,-2.4852571,17.420744,-5.2147307,0.56744313,14.863658,-9.11261,-1.0343267,10.530021,-11.9187,0.76616794,6.158075,-9.308941,-0.967287,2.5858169,-7.7502675,-0.17238778,2.9928436,-7.85801,-0.07422252,4.9346004,-9.833286,-1.8507744,11.791803,-10.757477,-1.3910737,10.482135,-4.903475,-1.9728824,8.12138,-7.0295906,-1.6688095,11.01127,-6.715941,-0.4070267,16.814993,-6.0694866,-2.9497466,14.396774,-8.315316,-0.9864412,9.438231,-10.690437,0.67279124,6.6249585,-8.0711,-0.023942748,3.2610023,-8.767835,-0.29928434,3.5890179,-6.881146,0.09577099,4.9705143,-9.787795,0.30646718,11.233937,-10.774237,-2.8396099,8.796566,-5.174028,-2.3966691,8.039975,-5.4158497,-4.4126487,11.6409645,-7.49408,-0.7206767,15.94587,-5.36557,-2.2506182,12.852468,-6.986494,-0.7805336,11.0352125,-10.501289,0.43575802,8.813326,-8.195602,1.4078336,5.564295,-9.433443,0.51955765,3.3902931,-7.3001437,0.39505535,2.7055306,-9.727939,1.3000913,9.4932995,-10.446221,-0.8547561,9.692024,-7.120573,-4.084633,Walking
7.4246464,-9.09585,1.5036045,2.588211,-7.2546525,-2.7079248,1.6352897,-7.257047,3.0814316,5.786962,-11.413508,-3.2705793,13.491738,-10.625792,-0.28970724,9.304152,-5.3009243,1.0079896,8.22194,-7.8891354,0.7709565,11.3344965,-8.360807,0.58420306,16.19248,-5.217125,-0.36392978,15.249136,-6.122161,-2.4158232,11.978557,-12.206013,0.16520496,7.005648,-9.859624,-1.8531687,2.9305923,-8.60263,-0.88588166,2.4613144,-8.396722,-1.6831752,4.7741838,-9.864412,-2.0925963,9.938635,-11.195629,0.9529214,10.376787,-7.5323887,-0.6177229,8.626573,-6.2514515,-0.2561874,9.720756,-7.702382,0.14844504,15.4023695,-4.7119327,0.117319465,16.302618,-5.3081074,-1.0750294,15.100691,-13.417516,-0.84039044,9.950606,-10.97775,-0.7398309,5.087834,-9.387952,-0.6392714,1.934574,-8.628966,-1.1300977,2.430189,-8.516436,-1.4293821,6.4789076,-9.72315,0.6201172,10.690437,-10.913105,-2.0399222,9.938635,-7.5443597,1.4102279,10.819728,-7.4366174,-0.6177229,11.549982,-5.2075477,-2.4780743,13.731166,-5.5188036,-2.1811843,12.814158,-6.3735595,-1.7286664,12.708811,-12.217984,0.42139238,9.830893,-12.112637,1.7382435,3.6225379,-10.309748,0.888276,0.3328042,-7.0774765,-0.36632404,3.2777622,-10.561146,-0.6105401,10.9490185,-9.804555,-0.7302538,10.719169,-8.174054,-1.1971374,10.716774,-6.754249,-2.7151077,12.000105,-6.265817,-1.977671,13.920314,-5.193182,-1.690358,14.44466,-7.649708,-1.6352897,13.474978,-13.98017,-1.759792,8.554744,-9.407105,2.8874955,4.7885494,-9.035994,0.54350036,2.2458298,-7.185219,-0.18675344,3.294522,-8.810931,0.16759923,8.1549,-9.335278,0.23942748,Walking
3.929005,-8.083072,1.4126221,7.613794,-10.187639,-2.6959534,10.618608,-7.474926,2.5020173,9.469357,-7.798153,1.7957062,11.356046,-7.92505,-4.271386,13.882006,-4.992063,1.515576,15.332936,-5.9258304,0.5411061,14.5524025,-11.016058,0.10055954,10.831699,-12.684868,2.257801,7.26423,-10.099051,1.2354459,2.640885,-8.511647,-0.3615355,2.2769554,-7.9513865,0.81165916,4.0128045,-9.931452,1.3000913,11.176475,-9.79019,-5.7821736,8.403905,-6.5555243,-0.5243462,9.957788,-7.980118,-2.8443985,13.893977,-7.4007034,0.4740664,15.792637,-4.3623686,-0.3232271,12.651348,-8.557138,0.74222517,11.81814,-12.806976,0.90024734,9.043176,-9.720756,1.5634614,5.777385,-9.340066,0.22985038,1.5921928,-6.715941,-0.61293435,2.5810282,-7.556331,-0.0023942748,7.3767605,-9.29218,-0.531529,10.855642,-11.358439,-0.14365649,10.462981,-6.941003,0.32801566,10.972961,-7.1732473,-1.6017698,11.370411,-6.1748347,0.55786604,14.566768,-5.607392,-0.4764607,13.597087,-9.165284,-0.043096945,10.7048025,-13.216397,1.5131817,7.953781,-9.775824,0.4070267,3.0431232,-8.042369,-0.3998439,0.90024734,-7.6018224,-0.7972935,2.5570855,-9.37598,-0.14126222,11.068732,-10.846065,-2.4445546,11.286612,-10.455798,0.3232271,11.207601,-6.605804,-0.81644773,10.099051,-7.9609637,-0.14365649,12.90993,-5.3033185,-0.17957062,15.546026,-6.986494,-0.3304099,13.848486,-13.235551,-0.36871833,10.139753,-12.816553,2.4086404,6.526793,-11.171686,-0.05027977,1.8507744,-8.554744,-0.14605077,0.3519584,-7.556331,-0.56265455,4.348003,-9.227535,-1.7262721,12.13179,-13.644972,-3.5219781,10.501289,-7.065505,0.7446195,Walking
9.318518,-5.7127395,-0.09337672,10.668888,-6.610593,-2.9425638,14.267484,-5.2482505,0.9577099,13.802995,-8.298556,-2.667222,12.103059,-11.322526,-0.4166038,8.509253,-9.296969,3.46691,6.761432,-8.923462,-0.9624985,1.9633054,-8.269825,-1.3431882,1.5850099,-8.497281,0.68715686,6.5555243,-10.570724,-1.3862851,10.728745,-11.391959,-0.6296943,9.785401,-5.913859,-2.1237218,10.134965,-7.5922456,-1.4868447,13.154146,-4.8555894,0.47167215,14.078336,-6.656084,-1.5275474,12.275447,-9.452597,-0.9194015,10.173274,-11.346468,0.11253092,8.200391,-10.537204,-0.28013015,1.2474172,-9.035994,-0.2944958,0.27055305,-7.328875,-1.359948,5.2051535,-10.338479,-1.9393626,13.084712,-12.079117,-3.059883,10.431855,-7.336058,0.89545876,8.719949,-6.409474,-2.4708917,10.412702,-7.103813,-0.8284191,13.927497,-5.7103453,0.5794145,13.7814455,-7.553937,-1.8004947,9.866806,-14.212416,0.038308397,8.032792,-9.809344,-0.047885496,4.9346004,-9.866806,-0.052674048,1.9585168,-7.8316727,-0.9696813,1.6233183,-8.296163,-0.10055954,5.705557,-10.642551,0.9505271,11.772649,-10.697619,-3.4860642,7.613794,-6.8452315,0.6081458,8.193209,-7.5084457,-3.74704,10.992116,-8.523619,-0.4764607,15.929111,-6.8356547,-1.8603516,13.225974,-9.481328,0.5794145,8.901914,-12.9314785,1.56825,7.26423,-9.830893,0.7350424,2.4876516,-8.952193,0.2370332,1.3431882,-7.5252056,0.20590763,4.4246197,-10.546781,-1.6089526,11.190841,-10.46777,-1.4772675,9.715967,-7.225921,-0.64166564,8.873182,-7.0942364,-1.9633054,11.013664,-7.9681463,-0.4189981,15.311387,-5.133325,-0.37350687,12.962604,-7.781393,-1.1444633,Walking
6.5555243,-10.024829,-1.7047237,11.300977,-10.7048025,1.7502149,9.581888,-5.770202,-4.4030714,10.067925,-7.142122,0.43336374,13.1206255,-5.9713216,1.0415095,15.608277,-5.621757,-0.0071828244,13.580327,-7.762239,-0.18675344,10.405519,-12.79261,0.3304099,7.6353426,-9.296969,1.036721,3.4381785,-8.348836,-0.07901107,0.7110996,-7.877164,-0.44294083,5.334444,-10.000886,-0.045491222,11.162109,-10.881979,-2.3032923,9.8548355,-6.3352513,0.009577099,9.165284,-6.035967,-2.3296294,11.597867,-7.4701376,0.23224466,16.039248,-4.764607,-0.50998056,13.295408,-7.1493044,-0.50040346,11.57153,-13.568356,0.46209505,8.123775,-9.131764,0.46927786,4.2139235,-8.4781275,-0.84278476,2.5570855,-8.336864,-0.11253092,3.1149516,-9.584282,0.9864412,7.067899,-10.592272,-2.5020173,9.890749,-11.267457,3.059883,10.084685,-6.2682114,-2.5499027,10.022434,-7.953781,-1.3695252,12.866833,-6.3472223,-0.7398309,14.787042,-7.2809896,-1.7957062,12.658531,-10.676071,0.4932206,9.071907,-12.14855,0.43096948,5.8013277,-9.842864,-0.5818088,2.3942747,-8.097438,-0.2561874,1.2761484,-7.7861814,0.009577099,4.810098,-11.636175,-0.047885496,12.081511,-11.099858,-3.8021083,9.584282,-5.688797,-2.0255566,7.580274,-6.1556807,-2.3128695,10.812545,-6.672844,-0.4668836,15.663345,-5.030371,-1.2402344,13.580327,-7.759845,-1.8603516,11.427874,-13.209214,-0.031125572,8.700794,-8.755863,0.7685622,3.6297207,-8.265037,-0.1699935,1.8890828,-7.1732473,-0.4166038,4.522785,-8.492493,-0.69673395,8.93304,-10.6497345,-1.0822122,10.829305,-9.656111,-1.6352897,9.203592,-5.2219133,-1.620924,9.141341,-6.8619914,-0.8786988,Walking
2.1285102,-7.778999,1.3623424,6.656084,-9.775824,-3.2250881,11.217177,-10.477346,0.5818088,10.474953,-6.2083545,-0.09337672,10.688043,-7.2881727,-4.640105,12.498115,-5.504438,1.1947432,14.966612,-5.784568,-2.1332989,13.728772,-9.63935,-0.44054657,9.526819,-11.712792,1.010384,6.5483418,-9.0288105,-1.1277034,2.152453,-8.684034,-0.3304099,0.86193895,-7.8987126,-0.20351335,5.6385174,-10.355239,-1.4437478,12.56276,-11.849266,-2.360755,9.73991,-6.0048413,0.5363176,8.954588,-5.9210415,-2.2721667,11.018453,-6.938608,0.0,15.33533,-5.2243075,-1.1348863,13.036826,-8.356019,-0.30646718,12.261082,-13.577932,0.531529,8.090255,-8.810931,1.2234744,4.4461684,-8.360807,-0.339987,1.2713599,-7.4605603,-1.2330515,3.9673133,-9.857229,1.1612233,9.70639,-9.850046,-0.7134939,10.972961,-8.597841,-1.8914771,8.600235,-4.826858,-1.1875603,9.012051,-6.732701,-1.8004947,13.283437,-5.7630196,-0.9912298,15.014498,-5.7558365,-0.74701375,12.625011,-8.439818,-0.23942748,8.889942,-10.441432,0.4740664,7.312115,-8.197997,-0.7948992,3.162837,-7.6257653,-0.5219519,2.281744,-7.6113997,-0.51716334,5.4254265,-8.169266,-2.4469488,9.522031,-10.853248,0.11971374,10.640158,-6.7997403,-1.0941836,8.473338,-5.1716337,-1.7573977,9.174861,-6.237086,-1.2043202,12.138973,-6.5196104,-0.95531565,12.301784,-7.884347,-0.057462595,6.9481854,-8.751075,-0.7972935,8.279403,-7.2426815,0.749408,6.9098773,-6.577073,-1.2522057,4.817281,-8.095043,-0.047885496,4.0822387,-8.504464,-1.9178141,5.2290964,-10.472558,0.0071828244,9.27542,-9.364009,-3.0527003,7.455772,-5.138114,-0.10774237,Walking
10.084685,-6.4142623,-2.2841382,9.136553,-5.9282246,-1.3048798,9.794978,-5.834848,-2.1069617,14.696059,-5.1452966,0.67757976,12.998518,-10.0368,2.8396099,12.024048,-12.356853,-0.7302538,9.004868,-10.027223,1.9680939,6.6967864,-8.865999,-0.043096945,-0.38547826,-7.161276,-1.211503,2.6720107,-8.296163,-0.8092649,5.3248672,-10.589877,-0.7134939,12.749514,-14.159741,-1.9537282,12.933872,-5.731894,-2.813273,9.972155,-4.862772,-0.27294734,10.065532,-6.074275,1.2905141,15.239559,-6.301731,-1.838803,11.748707,-11.770255,0.8547561,7.091842,-13.032038,2.1668186,6.648901,-10.30017,-0.89545876,3.179597,-8.775017,-0.4189981,1.0127783,-6.8428373,-0.43575802,2.3463893,-9.79019,1.3144568,11.770255,-11.399142,-2.300898,10.118205,-9.167678,4.63771,10.022434,-6.5148215,-2.3056867,9.323306,-7.2019787,0.22745611,13.094289,-5.209942,-0.4932206,13.479767,-9.694419,0.4166038,11.411114,-11.406325,3.0096035,8.351231,-11.561953,2.3535721,6.5842557,-9.320911,0.24900457,-0.16759923,-8.310528,-0.45730647,0.7853221,-8.118986,-0.33519846,6.464542,-11.22436,-0.818842,12.77585,-11.566742,-2.073442,9.253872,-6.265817,-1.1779832,8.166871,-6.699181,-1.8268317,10.872402,-7.683228,0.9026416,14.629019,-5.540352,-1.5754328,12.13179,-8.662486,-0.7015225,10.237919,-12.874016,1.3814965,8.475733,-8.89952,0.5889916,3.8212626,-7.9418097,-1.0965779,2.1500587,-8.755863,-0.38068968,3.806897,-8.545167,1.2737542,8.224334,-9.938635,-1.185166,10.810151,-9.052753,-1.228263,9.222747,-5.1189594,-2.0542877,8.854029,-6.30652,-1.3407938,12.895564,-5.296136,-1.5658557,Walking
12.409526,-11.549982,-4.1013927,11.487731,-6.5220046,1.4413534,10.412702,-7.16367,-3.4621215,11.988134,-6.4573593,1.1109436,15.965024,-4.4054656,1.1205206,14.099884,-8.298556,0.40463245,11.135772,-13.618635,1.3647367,7.929838,-9.955395,1.175589,4.0343533,-8.638543,-0.37111259,0.9577099,-7.963358,-1.4844503,3.4549387,-8.542772,0.9864412,8.739103,-10.934653,-2.439766,9.751882,-9.349643,0.52913475,10.23313,-7.8723755,-3.0622776,12.342486,-7.6066113,-0.8284191,15.356878,-4.479688,-0.98404694,14.535643,-8.051947,-1.2713599,13.328928,-12.883593,-0.18914771,9.5244255,-11.008876,0.7206767,6.854809,-9.354432,-0.16759923,2.727079,-8.494887,-0.9984126,1.5443072,-8.595447,0.72785956,5.664854,-9.926663,0.28970724,11.174081,-11.569136,-5.5954204,9.565128,-7.429435,0.2777359,11.636175,-9.490906,-2.0351336,14.487757,-4.824464,-0.7039168,15.514901,-5.2027593,-2.5714512,14.135798,-10.063137,-0.7733508,11.018453,-13.814965,0.27055305,8.162083,-10.534809,-0.15802214,2.9329867,-9.093455,-0.85236186,0.84039044,-7.5276,-0.34716985,4.2115293,-11.020847,-0.9122187,10.922682,-11.691244,-3.5914123,10.2091875,-9.14613,0.4668836,11.293795,-8.662486,-2.971295,13.137386,-7.4533772,-0.7134939,16.498947,-4.7693954,-2.0902019,14.401563,-8.561927,-1.23784,12.103059,-15.579546,0.6201172,8.61939,-10.776631,0.42139238,5.593026,-9.423865,-0.019154198,2.8731298,-8.55235,-1.0319325,0.045491222,-11.449422,-0.05027977,9.653716,-11.418297,-2.0590763,12.854861,-10.752688,-2.7318676,12.565154,-6.4405994,-1.3144568,11.590684,-7.0894475,-0.6344828,12.902747,-5.29853,-0.05027977,Walking
11.676878,-7.9561753,0.6488485,14.025661,-4.8986864,-1.4485363,14.95464,-6.141315,1.8699286,13.968199,-9.876384,1.2785428,10.285805,-11.4997015,-1.5299416,8.408693,-10.348056,-1.0941836,2.317658,-8.427847,-0.3902668,-0.77574503,-7.362395,0.4668836,5.6145744,-9.905115,-1.9178141,12.546,-11.95222,-2.4541316,9.852441,-6.7446723,-0.043096945,9.972155,-7.204373,-2.6863763,12.543606,-7.003254,0.4740664,15.7327795,-4.879532,-0.26097596,12.802187,-7.85801,-1.6017698,11.104647,-12.622617,1.7095122,8.303345,-10.187639,0.9241901,4.3695517,-9.091062,-0.23463893,1.2426286,-7.7861814,-0.61293435,5.2410674,-9.60583,-0.7589851,8.640938,-10.9490185,-1.8483802,9.301758,-7.0128307,-1.4509305,9.325701,-7.103813,-2.928198,13.108655,-7.5515428,-1.3575538,16.345715,-4.580248,-1.0127783,13.367236,-7.680834,-1.1971374,12.754302,-11.751101,0.27294734,9.294575,-8.6433325,-0.05027977,6.8093176,-9.514848,-0.48843205,0.4956149,-8.147717,-1.2354459,2.456526,-8.375174,1.759792,7.1924014,-9.93624,-2.0183737,12.052779,-10.099051,-2.9305923,10.6497345,-4.8148866,-2.0590763,10.192428,-6.064698,-1.951334,12.311361,-4.3192716,-1.6352897,13.565961,-6.7853746,-1.9704882,12.320938,-10.082292,-0.28970724,8.427847,-10.807756,3.2466366,6.969734,-7.92505,-0.46927786,2.7127132,-7.142122,1.1205206,1.951334,-6.794952,0.21548474,6.124555,-9.1628895,1.6305012,10.609032,-10.362421,-3.067066,8.8324795,-5.705557,-3.8571768,7.4198575,-5.8851275,-3.6033835,11.552376,-6.342434,-2.8252442,14.475785,-5.487678,-2.7246847,12.555577,-11.042396,0.80208206,10.379181,-11.645753,1.4676905,Walking
5.2697988,-10.005674,-1.4676905,11.889969,-10.079897,-2.4613144,8.705584,-5.403878,0.08858817,7.881953,-5.786962,-0.66800267,11.32492,-7.4414062,0.41181526,15.478987,-6.998465,-0.7781393,12.981758,-7.5659084,-2.3655436,9.069513,-12.083905,0.24421602,6.1054006,-8.758257,0.71828246,2.8300328,-7.7766047,-0.73743665,2.4589202,-7.415069,-0.62251145,4.9872746,-10.31693,0.2466103,10.707197,-9.61062,-2.667222,8.741497,-6.4980617,0.7685622,8.073495,-5.6768255,-1.951334,10.178062,-7.1229677,-0.6105401,14.978583,-5.480495,-0.65363705,13.446247,-7.3049326,-1.5179702,11.691244,-12.174888,-0.21309046,7.429435,-8.494887,0.44533512,4.5515165,-8.942616,-0.09577099,2.073442,-8.636149,-1.2162915,3.5842295,-10.632975,-0.30167863,8.834874,-9.373586,1.0175668,9.730332,-6.9840994,-0.79250497,7.3384523,-4.860378,-1.4796618,7.16367,-7.269018,-1.525153,12.009683,-7.6090055,0.44054657,15.074354,-6.002447,-0.6392714,13.082317,-9.974549,-0.6847626,5.375147,-9.830893,-0.04070267,4.925023,-7.1229677,-0.7853221,3.6823947,-7.431829,-0.50998056,1.9130256,-7.745479,-1.1085492,6.409474,-11.016058,-0.62251145,11.2794285,-9.732727,-0.8834874,8.0687065,-4.745453,0.24182175,6.646507,-6.378348,-2.3559663,10.783813,-7.3169036,0.0047885496,13.7263775,-6.261029,-0.679974,12.828525,-6.5004563,-1.8172545,9.794978,-11.174081,0.29689008,7.6090055,-8.952193,1.1300977,4.642499,-7.9681463,-0.48843205,1.924997,-8.315316,-1.3671309,4.0151987,-8.988108,-2.2338583,8.461368,-10.568329,1.3551595,10.156514,-8.590658,-1.3407938,7.57788,-6.201172,-1.2426286,9.091062,-7.108602,-1.7023294,Walking
2.9234095,-8.645726,1.8148603,8.411087,-9.150918,-3.79732,9.926663,-8.806143,-3.1125572,7.8364615,-6.237086,1.8076775,9.567522,-8.028004,-4.9537544,12.998518,-6.0694866,-2.1021733,16.118258,-7.6904106,-0.94095,12.538817,-9.560339,-0.7039168,7.946598,-11.770255,0.37350687,6.2873654,-8.425453,0.5506832,2.6504622,-7.7167478,-1.1803775,1.376708,-7.2953553,0.36871833,5.454158,-11.071127,-0.14126222,12.227561,-10.788602,-3.0335462,8.207574,-5.0614967,-2.7390504,7.953781,-6.7853746,-2.3583608,10.228342,-7.101419,-0.7829279,13.905948,-6.055121,-1.2210802,13.314562,-9.454991,0.08858817,11.020847,-12.498115,0.38547826,7.101419,-8.45179,1.3024855,4.314483,-7.266624,-1.1277034,2.6696165,-7.7574506,-0.047885496,4.3887057,-8.559532,0.43575802,7.0439563,-10.292988,0.54350036,10.33369,-9.165284,-2.2961094,8.442213,-4.642499,-1.9537282,8.399116,-6.7398834,-2.264984,13.180483,-6.656084,-0.8140534,14.049604,-7.5659084,0.56265455,11.858843,-9.486116,-0.035914123,7.8340673,-9.953,0.9385557,5.0591025,-7.2450757,0.65842557,1.8914771,-7.666468,-1.8747171,2.944958,-7.4845033,-0.47167215,6.117372,-9.632168,-1.2306572,9.881172,-10.261862,0.0071828244,8.360807,-4.652076,-2.056682,7.5874567,-4.8579836,-1.1540405,11.593079,-7.283384,-3.624932,15.287445,-8.861211,-0.6895511,11.451817,-9.763853,0.29210153,6.5627074,-10.369604,1.4317763,3.9792848,-7.982512,-0.21309046,3.2514253,-8.837268,0.18914771,3.684789,-9.933846,-0.53871185,5.7797794,-7.266624,0.7398309,9.864412,-10.750294,-2.588211,9.3280945,-6.3472223,-1.4652961,9.543579,-7.1660647,-2.0494993,Walking
3.7518287,-11.164503,-0.679974,11.712792,-10.170879,-2.875524,7.5419655,-5.8252707,-1.0486923,8.334471,-7.3671837,-3.5938065,12.469383,-7.448589,-0.18675344,15.948264,-6.057515,-1.8364087,12.146156,-8.46855,-1.3407938,9.871595,-12.313755,0.34956414,8.535589,-9.636956,2.126116,3.1365,-8.983319,-1.3838909,-0.31604427,-8.329682,-0.77574503,8.267431,-10.575512,-2.8707354,9.838076,-10.745505,-0.42139238,8.887548,-5.138114,-2.578634,9.565128,-7.6736507,-1.2186859,15.215616,-5.3296556,-0.7206767,13.8006,-7.257047,-0.71588814,12.342486,-8.736709,-0.26337022,11.104647,-11.214784,0.6488485,8.581081,-10.371999,0.09337672,1.7406378,-9.246689,1.1157321,0.43096948,-6.998465,-1.1420691,4.989669,-9.799767,-2.0183737,11.025636,-11.387171,-2.9090438,9.955395,-7.1924014,-1.6568382,8.581081,-6.91706,-2.7151077,11.387171,-7.2426815,-0.29210153,15.64898,-5.0567083,-0.25379312,13.530047,-8.482916,-0.21787901,11.523644,-14.533248,0.18196489,9.313729,-9.4932995,1.1827718,4.398283,-9.735122,-0.91700727,1.1277034,-8.3679905,-0.89545876,2.925804,-9.761458,-1.1205206,8.988108,-10.486923,-1.5634614,10.13736,-8.813326,-2.1644244,9.361614,-6.88354,0.05027977,11.109435,-7.728719,-2.310475,14.049604,-5.28177,-0.38787252,15.158154,-6.7063637,-2.2099156,12.670503,-12.407132,0.17238778,7.8963184,-10.039194,-0.07422252,6.742278,-9.270632,-0.05027977,3.3160706,-9.490906,-0.8930645,2.0878077,-8.300951,0.88109314,4.5946136,-9.950606,0.17957062,9.337671,-11.581107,-2.5906053,8.8085375,-5.7366824,-0.57223165,8.473338,-8.135746,-2.719896,12.572337,-7.6712565,0.29689008,Walking
3.0790374,-8.6984005,-2.7486274,1.5610672,-6.6153812,1.8459859,3.7829542,-7.9944835,-2.1332989,7.3815494,-9.960183,-0.35674694,11.595473,-10.56354,-0.6656084,8.2027855,-5.2937417,-3.512401,7.1301503,-5.7295,-1.9154198,10.211582,-7.362395,0.038308397,14.19805,-5.9904757,-1.56825,11.973768,-8.707977,-0.18435916,10.616215,-11.803775,-0.05027977,7.8891354,-8.186026,1.3814965,4.9154463,-7.692805,-0.7996878,2.3296294,-7.455772,-0.50758624,4.8388295,-9.107821,-0.05506832,7.1157846,-9.991309,1.0941836,10.688043,-9.380769,-1.1612233,7.6473136,-5.523592,-2.3846977,7.9944835,-7.8173075,-0.6201172,12.340093,-7.0080423,-0.7877164,15.234771,-6.7638264,-1.8723229,12.6010685,-9.620196,-0.11971374,8.356019,-11.729552,1.4652961,6.651295,-8.976136,0.19393626,2.9497466,-7.6353426,-0.86193895,1.7621863,-7.881953,-0.49082634,3.8021083,-10.122993,0.76137936,10.94423,-11.528433,-2.2027328,9.354432,-5.734288,-2.8084843,7.7766047,-7.2546525,-0.35914123,10.817333,-7.240287,-0.56265455,14.614654,-5.995264,-2.1620302,12.816553,-8.796566,-1.2857256,11.88518,-12.361641,-0.31604427,9.402317,-10.733534,2.1572416,5.784568,-9.57231,-1.0055954,-0.723071,-7.5084457,-0.6703969,2.2170985,-7.7047763,-0.7685622,7.4461946,-12.138973,0.4166038,12.565154,-9.4932995,-3.1317115,7.448589,-6.1820173,-0.8834874,6.186806,-7.439012,-1.6927522,9.943423,-7.867587,-0.38787252,14.020873,-7.170853,0.09577099,10.424672,-8.018426,-0.14126222,8.973742,-12.064751,-0.679974,8.095043,-8.786988,1.1061549,5.7127395,-8.825297,-0.25139886,0.28970724,-8.377567,-1.1300977,2.169213,-8.89952,0.4956149,Walking
2.5211713,-6.854809,0.07422252,2.0806248,-7.290567,-2.456526,6.996071,-10.314536,0.723071,12.737542,-10.527626,0.58420306,10.082292,-5.854002,-2.221887,8.195602,-6.577073,-0.3519584,9.852441,-5.5547175,-0.339987,14.19805,-5.949773,-2.7055306,12.083905,-9.715967,-0.057462595,9.498088,-12.3257265,1.2234744,7.6736507,-8.648121,0.9888355,3.8930907,-8.391933,0.41181526,2.9665065,-7.125362,0.600963,3.0886145,-8.217151,1.8172545,7.1995845,-11.0352125,0.6201172,10.05356,-9.900327,-4.757424,8.253065,-7.1971903,-2.6528566,9.110215,-7.455772,-3.1987512,11.289005,-6.3304625,-4.067873,12.565154,-9.158101,-1.5730386,8.719949,-10.807756,4.4126487,8.411087,-12.486143,0.7350424,6.632141,-8.502069,0.90024734,2.135693,-6.8284717,0.035914123,2.7510219,-7.2714124,-0.4956149,5.4900723,-10.281016,-0.37111259,11.468576,-9.126976,-1.5826156,8.921068,-6.4860907,0.22027329,7.290567,-5.7175283,-2.9210153,7.7311134,-6.6776323,-1.5275474,13.012883,-6.593833,-0.88109314,15.950659,-9.759064,-0.81644773,8.231517,-11.238726,4.9010806,7.0798707,-9.857229,-0.22027329,6.091035,-7.843644,1.5083932,2.9473522,-7.161276,0.047885496,2.403852,-7.022408,-0.51955765,4.6233444,-9.967366,1.1109436,12.1054535,-9.687236,-2.351178,9.871595,-7.3743663,-0.03351985,8.099832,-4.7502413,-2.5714512,9.402317,-6.689604,-0.8092649,13.13978,-6.2586346,-1.6616267,14.119039,-8.116591,-0.52674043,11.506885,-11.10704,0.62251145,7.903501,-9.440625,1.3647367,7.0702934,-7.6688623,0.038308397,1.6544439,-7.965752,-0.6368771,1.5730386,-8.056735,0.076616794,6.32328,-9.907509,-0.05506832,Walking
1.6017698,-8.375174,1.2354459,8.40151,-9.766247,-2.9425638,12.069539,-11.121407,-0.043096945,10.271439,-7.1325445,-1.4293821,8.851634,-7.929838,-5.8755503,10.714379,-6.596227,0.29689008,14.315369,-6.768615,-2.0806248,11.717581,-9.522031,-0.21309046,9.883567,-12.304178,0.45491222,8.197997,-9.763853,-0.44772938,3.6608462,-8.638543,-0.016759925,0.32562137,-7.7095647,-1.3000913,4.333637,-9.842864,0.49082634,11.006481,-11.229149,0.5698374,10.058349,-7.728719,-1.4581133,7.9178667,-6.8165,-1.1731946,9.265843,-8.130958,-0.57223165,13.264282,-7.6305537,-0.4285752,13.843697,-8.818114,-0.44533512,10.491713,-11.511673,2.8108785,7.922655,-12.146156,1.6065584,6.56989,-10.431855,1.6328955,3.545921,-8.4781275,0.44294083,0.26097596,-7.407886,0.035914123,3.7422516,-10.199611,0.035914123,11.660118,-11.032818,-4.7191157,9.002473,-6.7853746,0.1699935,7.620977,-8.411087,-2.3152637,9.627379,-7.352818,-1.3144568,13.843697,-6.5363703,-2.3344178,13.015278,-9.445415,-0.72546524,11.298583,-13.204426,0.057462595,7.927444,-10.017646,1.1731946,6.0048413,-8.473338,-0.05027977,2.5929997,-7.23071,-0.29689008,2.3320236,-8.181237,-0.4764607,5.236279,-9.972155,0.9289786,9.799767,-11.01127,-3.3400133,8.344048,-7.2019787,-1.3168511,9.972155,-9.3280945,-0.36392978,14.18129,-6.4190507,-1.6855695,14.693665,-5.7462597,-2.8779182,11.758284,-9.177256,-0.23463893,10.570724,-14.463814,0.019154198,8.830086,-10.371999,1.5227587,5.358387,-9.330489,0.05985687,1.7478206,-7.884347,-0.32562137,0.8140534,-8.004061,-0.6440599,7.927444,-11.133378,-0.40463245,11.619415,-11.150138,-1.0391153,Walking
9.42626,-6.960157,-1.1109436,10.458193,-5.482889,-2.8276386,14.142982,-8.083072,0.44772938,12.538817,-8.9498,4.5012364,9.80695,-13.944257,-2.4852571,7.848433,-9.39274,2.403852,4.252232,-7.8268843,0.90024734,-0.65842557,-6.1652575,-2.011191,2.4158232,-7.5419655,-0.7781393,9.165284,-13.039221,2.1931558,12.883593,-9.407105,1.6951466,8.638543,-7.292961,1.1061549,8.473338,-8.454185,-1.1205206,11.229149,-6.1532865,1.1827718,14.140587,-8.006455,-0.52674043,13.024855,-10.968173,2.5762396,9.261055,-11.573924,-0.81165916,7.024802,-9.304152,-0.54350036,2.2194927,-7.7837873,-0.45012367,0.845179,-7.283384,-0.4956149,4.063084,-10.218765,-1.0319325,11.083098,-10.314536,-0.2561874,9.313729,-8.770228,1.1037607,8.554744,-9.265843,-0.8044763,10.388759,-8.470944,-0.14126222,13.733561,-7.23071,-0.03351985,15.143788,-6.675238,-0.05027977,12.711205,-13.242734,0.57223165,10.491713,-13.558778,1.541913,7.0559278,-12.107848,-0.26097596,-0.4740664,-8.437425,-0.5219519,0.17957062,-6.821289,-0.45970076,5.238673,-11.248303,-1.0079896,12.127002,-12.818948,-3.9050622,10.328901,-8.437425,-0.51716334,9.852441,-9.158101,-0.9194015,11.992923,-5.9114647,-0.61293435,14.18129,-5.6768255,-2.49244,12.735147,-9.763853,0.33519846,10.08708,-14.911544,0.60335726,7.520417,-10.728745,1.3024855,4.532362,-9.217958,0.057462595,3.5171897,-7.0511394,-0.51955765,2.1811843,-8.035186,0.50998056,4.7741838,-9.991309,-1.8603516,11.368017,-12.052779,-3.258608,10.73114,-7.637737,-1.3695252,11.133378,-8.356019,-1.8795058,12.907536,-5.305713,-0.2681588,14.75831,-7.702382,-1.9202085,Walking
1.4916332,30.143919,12.304178,-0.045491222,3.2801564,3.4046588,2.6863763,-3.6273263,-1.1731946,2.0159793,-4.6472874,-0.11492519,45.752197,31.384153,1.8651401,-3.6967604,10.393547,-3.8045027,-4.3695517,2.6720107,2.456526,-1.9369683,6.0886407,1.5395187,37.300407,29.552534,-3.6823947,3.0886145,-1.2881198,2.205127,1.4557191,-6.119766,-1.6616267,-0.339987,-5.8324533,-5.5738716,57.405132,37.733772,-0.021548472,-4.1947694,4.6281333,-5.664854,-3.78056,1.2234744,1.8627458,-4.7717896,20.803854,6.7734036,17.698479,10.101445,-2.5570855,2.2170985,-5.6768255,-2.3200524,1.4437478,-8.523619,-0.5961744,15.431101,14.415929,-7.937021,2.3727264,18.373665,3.902668,-8.200391,2.2985039,-0.052674048,-3.7159145,1.1181264,1.5969813,31.56133,41.79446,19.647419,2.7486274,1.8651401,2.7677817,2.47568,-4.515602,-1.4485363,-3.2346652,-7.905895,-3.2777622,32.78241,17.667355,-3.1915684,1.5562786,15.926716,-0.4740664,-7.702382,1.2138973,0.81644773,-3.634509,1.7550035,2.8084843,54.04836,37.025066,11.538011,3.407053,-2.056682,1.1037607,0.89067024,-6.517216,-1.498816,0.5027977,-6.572284,-3.3136764,47.12651,33.15831,5.94259,-2.3823035,6.9553685,-3.1436827,-7.2594414,-0.11971374,2.954535,-4.2378664,13.53723,4.932206,27.419235,14.863658,-7.431829,4.309695,-3.512401,-1.9728824,-3.0981915,-8.810931,-2.7390504,4.767001,0.38068968,-8.27222,10.26665,20.758362,17.782278,-6.064698,2.3823035,-2.185973,-4.3599744,0.71828246,1.7789462,14.763099,31.659496,21.170177,1.7047237,1.8723229,-1.3120626,-0.026337024,-6.936214,-0.9026416,1.089395,-7.764633,-3.840417,Running
-0.36392978,-7.0607166,0.102953814,2.0973847,-6.028784,-10.151725,20.29148,24.105558,13.283437,-3.684789,3.9888618,-3.5076127,-6.3975024,0.6608198,-1.063058,-1.3288225,17.212442,8.667274,21.886066,12.296995,-8.169266,4.07745,-5.0591025,-1.8411974,-1.8914771,-8.063917,-2.9425638,11.8301115,6.6872096,-4.6496816,2.657645,14.935486,4.0894213,-6.4932733,1.3000913,-1.6616267,-3.6009893,1.3000913,-0.10055954,35.059364,41.33955,23.399248,2.928198,-0.27294734,3.0694604,2.3463893,-7.4629545,-2.403852,1.8938714,-6.9003,-5.3679643,58.85846,32.744102,3.318465,-1.2474172,8.025609,0.7110996,-5.6935854,0.74222517,1.8747171,-3.5650752,3.1963568,-1.297697,47.32284,32.341866,-4.0104103,5.4685235,-2.7175019,1.0008069,-0.90024734,-9.06233,-1.9417568,4.146884,-4.2570205,-5.7199225,26.188578,20.85174,7.735902,-6.6800265,0.89067024,-3.510007,-5.4852834,-0.49082634,0.6081458,4.3599744,28.448772,16.027275,12.234744,3.7398572,-5.715134,3.337619,-7.922655,-2.3775148,0.011971374,-9.567522,-2.7893302,43.07061,30.926847,4.96812,-3.284945,8.518829,4.4725056,-5.0399485,1.4198049,0.25858167,-1.7909175,3.512401,3.2298768,54.23272,38.75134,11.356046,4.0032277,-1.0271438,-0.21548474,-2.439766,-10.254679,-1.1133378,4.5610933,-6.897906,-1.9106313,38.368256,32.258064,4.6041903,-3.7877429,4.40786,-3.5698638,-4.1564612,0.12689656,2.2099156,-0.35674694,10.886767,-0.35435268,25.901264,16.814993,-6.3831367,4.005622,-3.605778,-2.4708917,-1.3910737,-8.107015,-3.380716,8.099832,0.8284191,-6.7829804,5.4086666,15.953053,5.4158497,-6.3927135,2.631308,-0.6081458,Running
51.630142,28.293146,1.5131817,-4.3695517,5.3248672,-4.2618093,-2.928198,2.1835787,-2.6624336,-2.8108785,5.1261425,5.8851275,35.25809,27.455149,-5.1237483,4.348003,-2.9617178,1.9417568,-1.3551595,-8.40151,-4.731087,5.3033185,-2.9138324,-5.7175283,19.628265,24.206118,12.751907,-3.7159145,3.684789,-3.938582,-5.154874,0.2849187,2.1069617,-7.800547,14.72479,6.265817,18.780691,11.62181,-3.3663504,3.849994,-2.7127132,-1.7047237,-0.9696813,-6.5411587,-3.1412885,3.79732,4.4653225,-4.0989985,8.6433325,18.127054,8.679246,-6.9745226,0.6608198,-1.2210802,-2.7462332,2.5618742,0.3615355,25.98746,32.78241,18.194094,6.876357,3.2394538,3.7853484,1.2162915,-5.39909,-2.813273,2.8156672,-6.5603127,-3.634509,51.294945,29.91407,9.251478,-1.0462981,7.26423,2.2530127,-3.328042,1.7406378,-0.47167215,-1.4772675,4.948966,2.063865,39.153576,28.494265,5.31529,4.3767343,-0.3902668,3.9457648,1.9321798,-4.9441776,0.1987248,3.5890179,-6.387925,-3.3759274,49.429802,29.08565,1.6592325,-1.6281068,6.9649453,-1.1803775,-4.233078,2.1069617,2.0902019,-1.1708003,8.576292,0.6751855,30.632353,16.65697,-7.0726876,3.4286015,-4.163644,0.72785956,-1.3886794,-7.5084457,-1.7957062,4.163644,-5.1357193,-6.079064,23.262774,23.748812,-16.398388,-4.4725056,4.7143273,-3.15326,-5.707951,3.0287576,1.7550035,-3.5674694,18.632246,14.880418,17.91157,6.25624,-8.6984005,2.3846977,-5.008823,-1.6352897,-1.0079896,-7.7837873,-3.7254915,20.873287,9.522031,-0.13886794,-0.29689008,11.162109,8.743892,-5.7031627,2.935381,-1.1277034,-1.0199611,5.157268,1.3360053,Running
-3.3400133,17.585949,10.281016,11.028029,3.040729,-5.827665,2.743839,-5.054314,-0.03351985,-1.5897985,-6.9218483,-5.217125,25.51818,17.243567,6.325674,2.9856608,13.269071,7.4007034,-7.620977,0.9241901,-1.8795058,-3.1580484,1.6089526,0.65124273,52.633343,35.849476,24.33541,5.1883936,1.3551595,-0.076616794,2.4421604,-6.0503325,-0.88109314,-0.90503585,-7.350424,-3.5890179,58.525654,26.514198,0.53871185,-0.43336374,9.684841,6.4190507,-5.727105,2.1213274,1.5490957,-3.703943,2.4445546,3.2490308,53.20797,31.920471,8.667274,3.1436827,-1.6712039,3.1245286,-0.68236834,-7.7766047,-3.059883,1.4078336,-7.5683026,-4.288146,38.404167,30.493484,2.6097596,-3.0694604,5.305713,-5.133325,-7.0607166,-1.0510867,2.719896,-5.008823,11.600262,2.1644244,23.157427,13.336111,-0.69673395,1.8148603,-5.9186473,-0.35435268,0.23942748,-6.6345353,-4.0295644,3.9242165,-1.6975409,-8.4230585,10.865219,18.816607,15.02168,-6.9745226,1.8004947,-2.7318676,-6.0838523,1.3838909,0.4932206,6.4525704,25.731272,14.705636,16.005728,6.7853746,-3.4190245,1.5227587,-5.3296556,-2.743839,-0.49800915,-7.1828246,-3.727886,22.556463,14.46142,3.2825508,4.2019525,13.544413,5.106988,-4.113364,4.1181526,1.1157321,-3.11974,1.5562786,2.6360965,17.76073,32.147926,21.661005,7.699988,2.8874955,-2.4014575,0.10055954,-6.395108,-2.5666625,-0.28013015,-7.048745,-3.9505534,40.38423,18.297049,9.914692,4.4485626,11.186052,5.7989335,-5.504438,3.0191805,1.1444633,0.81165916,4.537151,1.5083932,37.259705,32.05455,14.119039,7.2354984,1.8962656,2.1141446,1.7119064,-5.403878,-1.7645805,Running
-5.9976583,2.4876516,-1.4485363,-2.2338583,3.3998702,2.2434354,9.897932,25.04172,5.9665327,10.800573,6.646507,-1.3886794,1.6759924,-4.513208,0.76137936,-0.04070267,-6.924243,-4.4653225,29.978714,18.756748,1.8316202,1.7166951,12.52924,0.3232271,-8.5331955,0.9313729,0.9313729,-1.664021,2.5427198,1.403045,51.474514,34.968384,12.146156,2.8204558,-1.0462981,5.724711,-1.5395187,-7.082265,-2.727079,2.3727264,-5.94259,-2.8348215,57.872017,29.581264,-6.8619914,-1.7813405,6.761432,-3.007209,-5.0375543,1.6352897,4.3001175,-0.19154198,8.633755,3.4046588,32.79438,15.905168,-1.759792,5.9282246,0.17957062,-1.9058428,-2.2601955,-6.5842557,0.0047885496,0.8236305,-5.956956,-3.7326744,33.14634,25.755215,0.99362403,-2.631308,4.4389853,-5.856396,-5.810905,1.3958622,5.8013277,4.3767343,19.14941,4.1780095,13.685675,9.534002,-6.754249,4.6712303,-3.3783216,0.88588166,-1.5658557,-10.269045,-4.4413795,25.510998,18.20846,1.7382435,-1.3862851,12.589097,-2.3823035,-7.1301503,2.7989073,1.6352897,-1.4341706,5.1859994,4.355186,38.758522,31.31951,20.535694,4.680807,2.5666625,3.0359404,-0.20351335,-5.8875217,-1.0941836,1.9297855,-7.455772,-2.3320236,55.595062,27.91006,-2.1548474,-1.0127783,8.700794,-1.2761484,-5.6002088,2.1740015,3.5387383,-0.8044763,5.880339,1.3312168,42.68992,23.942749,-6.7925577,4.520391,-0.11971374,3.440573,-1.0175668,-7.273807,-1.7885233,6.1030064,-5.1189594,-4.355186,25.946756,23.897257,1.7023294,-1.1396748,5.454158,-2.2745612,-4.886715,1.1684061,2.52596,-0.5865973,10.984933,5.62894,28.420042,12.988941,-6.6177754,Running
26.942774,19.26194,0.53871185,-4.3168774,3.2777622,-0.49082634,-3.5004299,1.010384,0.44054657,10.4294615,26.674616,19.891636,10.041589,5.0614967,-6.407079,1.8196489,-5.3464155,-1.489239,0.58420306,-6.55313,-3.6369035,16.848513,14.837321,-0.045491222,5.2027593,13.719194,6.510033,-6.5363703,0.35674694,-0.9217958,-2.281744,0.9122187,3.469304,40.963646,35.978767,19.685728,5.968927,1.3431882,-0.071828246,-0.17478207,-6.4956675,-1.8866886,2.5906053,-5.5978146,-3.031152,56.18166,24.53174,-2.205127,3.9313993,8.736709,6.2538457,-4.2737803,2.7366562,1.7310607,-1.8555629,2.7821474,3.2825508,47.473682,30.543764,13.393573,7.1924014,0.045491222,-1.2498114,0.46209505,-6.9122715,-4.3671575,1.9585168,-5.99287,-2.2721667,46.24063,28.053719,-2.6169424,0.6895511,5.8420305,5.0758624,-6.0263896,1.4102279,3.0862203,0.89067024,7.371972,1.7621863,42.06262,22.657022,-5.2434616,3.4238129,-2.0925963,4.304906,-0.95531565,-6.2538457,-2.7175019,4.2378664,-5.621757,-3.9792848,35.581318,26.322657,2.6073654,-0.749408,6.3280683,-4.352792,-5.5188036,1.1731946,3.510007,-1.7071179,11.873209,3.4980354,25.410439,14.973795,-6.8787518,4.0559015,-4.4485626,-1.0295382,-1.4557191,-8.243488,-3.2514253,9.344854,4.3599744,-1.4102279,5.691191,15.5436325,2.5499027,-7.003254,1.3455825,-1.8651401,-3.5674694,1.7119064,0.009577099,14.638597,34.925285,26.272377,9.419077,1.6257126,-0.014365649,1.1803775,-6.2275085,-4.7550297,2.4206119,-7.099025,-3.258608,23.59558,15.591517,0.65363705,4.7143273,13.738349,7.369578,-5.849213,1.5993756,1.7717633,-4.1349125,0.6177229,1.8579572,Running
10.556357,19.202084,9.081485,-2.185973,-5.111777,-1.8579572,-4.288146,-2.205127,-3.3040993,3.0766432,3.624932,1.4054393,27.201357,34.374603,10.537204,9.167678,17.727211,6.6417184,-2.1285102,-5.5906315,-4.9178405,-4.642499,-3.5866237,-0.7015225,3.4022646,3.921822,0.9816527,3.0167863,20.2412,-0.45491222,8.729526,22.15183,15.603489,-1.8507744,-0.69194543,-3.0263634,-6.771009,-4.5898247,-3.562681,3.2202997,2.8539755,0.32801566,3.79732,8.0926485,1.647261,27.950764,27.63951,12.560366,6.483696,10.97775,2.6839821,-4.2905407,-5.403878,-2.370332,-1.8507744,-0.3423813,-0.9960183,3.4381785,4.3240604,2.4469488,21.581993,29.293953,6.423839,13.848486,18.2755,6.981705,-1.6568382,-4.146884,-3.3304362,-4.824464,-2.5283542,-2.5020173,3.3855045,2.6289136,0.8643332,2.4373717,21.404818,-2.3535721,12.919507,23.22207,12.763879,-1.2905141,-3.7877429,-1.3551595,-9.502876,-7.8460383,-4.846012,3.2610023,-0.9074302,-0.102953814,12.699234,23.19334,3.799714,14.746339,22.029722,1.8076775,1.1109436,-0.8284191,1.175589,-5.916253,-7.6449194,-4.14449,3.2921278,3.8643596,0.3519584,2.5738454,5.5810547,2.9234095,39.366665,35.552586,11.1142235,10.067925,13.917919,2.17879,-1.5467016,-6.4860907,-1.6568382,-3.3855045,-2.3392065,-1.350371,2.5044115,2.928198,2.3152637,-0.3998439,18.249163,-1.324034,8.961771,27.141499,10.678466,0.5147691,1.7789462,-1.3192455,-6.318491,-6.1101894,-5.0207944,3.8619652,2.762993,0.28970724,1.0295382,3.222694,2.9832664,39.419342,34.549385,7.257047,11.023241,14.047211,4.309695,-0.7302538,-3.1843855,-0.90024734,Running
-1.1947432,10.867614,1.6041641,-6.5363703,3.4022646,6.665661,-23.418402,14.815772,-5.4565525,1.7550035,-0.8547561,3.2801564,-2.8515813,-6.632141,2.2889266,-4.312089,-10.848459,-2.9569294,-60.321358,22.178167,26.435188,-3.1556542,8.547561,-5.5619006,0.13886794,6.079064,-0.89067024,-5.8061166,8.20518,3.6129606,-22.288303,10.917893,-3.4884584,-3.100586,-2.8013015,1.1253091,1.0654523,-9.024022,-3.6105664,-14.957035,-15.397581,-3.0215747,-24.967497,19.17814,-0.21069619,1.5826156,11.676878,0.9074302,-1.9585168,5.011217,0.56744313,-14.255512,17.363281,5.784568,-7.680834,1.9561225,2.3799093,-3.3902931,-4.903475,-0.9720756,0.9912298,-8.549955,-2.770176,-52.358,5.3535986,24.421602,-11.559559,11.90194,0.5123748,-2.7869358,9.636956,-1.3934679,-3.8021083,6.58665,4.1085753,-26.681799,23.064049,1.9010541,-1.9321798,-3.5339496,2.1213274,-0.42139238,-8.624178,-0.7853221,-2.2601955,-9.419077,-1.1396748,-66.21127,13.846091,48.024364,-3.294522,10.889162,-3.8523881,-1.0917894,10.23313,1.376708,-7.632948,9.519637,5.559506,-16.513313,14.753521,1.6065584,-1.6807809,-2.7989073,1.5467016,-0.0023942748,-8.624178,-4.017593,-4.6281333,-13.407939,-12.474172,-39.146393,24.639482,11.6098385,2.7390504,10.146936,0.8140534,0.43575802,4.249838,-2.1141446,-6.2322974,15.931504,4.6688356,-11.12859,3.5842295,5.4158497,-0.99362403,-5.2434616,-2.0279508,0.65842557,-7.0798707,-5.0926223,-23.643463,-11.650541,-3.2969165,-10.544386,13.051192,-3.9098508,1.4317763,9.893144,-0.0071828244,-2.8204558,5.89231,1.8196489,-19.089554,24.404842,3.459727,-6.342434,-0.3998439,4.9441776,Running
-8.578687,-13.003306,-1.3551595,-23.380093,21.498194,1.6999351,-0.35914123,12.61304,2.3296294,-5.5020437,7.74069,4.2474437,-7.307327,12.289813,8.650515,-8.116591,6.689604,3.9409764,-5.6983743,-4.2833576,-1.4940275,-2.3128695,-6.122161,-0.47167215,-48.852783,13.245129,11.511673,-7.075082,13.668915,-0.31365,2.0614705,9.897932,0.37829542,-2.6456738,4.486871,3.9960446,-10.836488,22.345766,-1.2354459,1.4964218,0.32083282,3.6656346,-4.1373067,-5.3033185,0.7685622,-2.0064023,-8.308133,-2.4014575,-31.036983,21.802267,6.821289,0.047885496,12.500508,-2.2769554,-0.023942748,7.699988,-3.7614057,-2.8874955,12.124608,5.6744313,-16.039248,14.593105,-1.7286664,-2.264984,-2.4277947,4.96812,-1.9202085,-6.344828,-4.3911,-6.3208857,-4.556305,-8.660092,-17.260326,17.82777,1.9393626,1.132492,7.1540933,-2.6097596,-0.026337024,3.2083282,-0.22985038,-1.4557191,14.945064,3.727886,-14.157347,11.937854,-3.050306,-2.1644244,-2.7366562,2.310475,1.2210802,-8.051947,-4.1804037,-36.00271,7.5826683,8.707977,-6.22272,12.100665,-7.5683026,2.3990633,8.516436,1.4652961,0.028731298,5.106988,-0.4166038,-15.373638,23.099964,4.5467277,-2.7055306,3.9768906,2.667222,-4.4270144,-4.070267,-1.2905141,1.1372806,-7.1493044,-3.057489,-45.74262,17.966639,17.739182,-4.558699,10.642551,-3.9744961,1.7621863,7.065505,0.39505535,-1.7981004,5.499649,1.2641771,-19.242786,23.861343,4.905869,-1.4365649,2.3535721,4.35758,-4.2642035,-5.602603,-1.934574,-0.6057515,-6.893117,-2.9090438,-50.097805,22.068031,21.390451,-3.459727,9.378374,-3.2274826,0.052674048,8.178843,-0.019154198,Running
-1.4700848,4.9417834,2.6696165,-30.857414,26.459131,8.605023,-1.647261,-1.2809371,8.648121,-2.9928436,-5.906676,-0.339987,0.11492519,-7.379155,-2.925804,-44.49281,12.1605215,25.85338,-6.771009,8.901914,-5.2219133,0.42378664,7.3863378,2.2434354,-0.15802214,3.9170337,1.132492,-32.69143,28.736086,8.820508,-2.8994668,-2.004008,7.6185822,-0.49800915,-7.350424,-2.8156672,1.9034485,-7.8268843,-1.2234744,-33.005077,2.588211,9.299363,-12.97697,13.64976,-5.5714774,0.56265455,7.326481,0.7733508,-1.6783867,4.786155,0.76137936,-12.141368,19.151804,5.899493,-9.081485,5.604997,2.1811843,-3.7183087,-3.328042,0.7877164,-0.81644773,-4.9776974,-3.3998702,-23.186157,0.41420954,-1.4389591,-10.075109,11.456605,-1.498816,1.6807809,6.91706,-1.2138973,-0.20111908,3.9960446,-0.33759275,-10.901134,18.040861,2.5618742,-10.032011,6.4334164,3.3328304,-3.1867797,-3.1436827,-0.54350036,0.35674694,-4.95136,-4.4820824,-28.697779,0.13168511,4.7598186,-8.3129225,10.779025,-5.7127395,0.6703969,6.9218483,-0.0023942748,-1.089395,3.502824,1.0965779,-22.046482,23.411219,8.609812,-2.8156672,2.4086404,5.03516,-3.5578923,-5.2290964,-0.11492519,-0.5913859,-5.7031627,-3.4286015,-47.485653,12.110242,19.932339,-5.147691,8.844451,-5.643306,0.69194543,5.047131,2.264984,-0.05985687,3.3759274,0.34477556,-17.834953,19.142227,14.054393,-3.849994,2.0494993,5.008823,-3.6967604,-1.3192455,-2.0087965,-0.7733508,-3.581835,-3.5794408,-23.662619,8.051947,3.5411325,-4.972909,3.9194279,21.945923,-1.1133378,1.7023294,5.949773,1.3288225,1.4437478,6.4405994,0.21309046,0.7398309,8.964165,Running
-0.7039168,4.0918155,-1.6664152,-2.1237218,12.203619,3.9481592,-11.463788,6.7135468,4.965726,-4.017593,-1.8244374,-3.3591676,0.68715686,-4.6041903,-3.3950818,-17.79425,-1.4245936,-1.4676905,-13.094289,11.25788,-6.543553,1.1420691,6.1484976,-0.9337672,0.505192,3.6608462,-0.38787252,-6.25624,17.315395,4.5970078,-14.090307,8.413482,0.9122187,-3.0886145,-3.8236568,0.038308397,1.7262721,-4.8723493,-4.7358756,-18.131844,-2.3272352,-4.07745,-10.8700075,9.124581,-2.9617178,0.9385557,6.8859344,-1.1540405,-1.0415095,4.896292,0.44772938,-17.22202,18.833366,5.549929,-5.03516,3.4860642,2.9473522,-3.9457648,-3.1987512,-0.06943397,-0.46927786,-3.3998702,-4.1804037,-37.118443,7.118179,11.4446335,-7.103813,7.8316727,-6.1700463,-0.17957062,6.019207,0.8978531,-0.98404694,4.3863115,1.7621863,-6.998465,20.724842,2.5020173,-7.1828246,6.811712,2.47568,-4.1397014,-4.7334814,-0.21787901,0.9026416,-7.0798707,-4.9441776,-35.736946,4.7598186,9.694419,-11.281823,12.237139,-1.3000913,0.019154198,7.161276,-0.63208854,-1.2474172,4.73827,0.42378664,-11.913912,20.128668,6.60341,-4.575459,4.0918155,1.8531687,-3.0335462,-4.1397014,1.4533248,-1.6352897,-5.1620564,-3.1269228,-42.311623,8.049552,16.02967,-7.4270406,11.023241,-4.946572,-0.6656084,7.6113997,0.3998439,-3.8811195,5.288953,3.397476,-15.878831,17.662565,4.826858,-0.63208854,1.1013664,3.7925313,-5.166845,-3.371139,0.2944958,-2.9042554,-5.7223167,-4.2378664,-37.736164,13.343293,17.061602,-8.020821,11.126195,-3.8906965,1.1803775,4.6927786,-0.071828246,0.74701375,1.3575538,0.62251145,-24.852573,24.77835,12.294601,Running
-4.06069,-6.062304,-0.09337672,0.24900457,-6.409474,-9.000079,-39.08175,8.739103,16.008121,-9.897932,10.709591,1.3934679,-1.2905141,7.9992723,-2.954535,-0.0071828244,2.6863763,0.749408,-6.280183,20.064022,12.948238,-5.442187,4.252232,-0.63208854,-3.991256,-3.8571768,-1.4293821,1.4652961,-6.4525704,-3.6129606,-38.011505,5.6792197,8.2578535,-9.763853,10.728745,-1.2138973,0.009577099,9.344854,-2.0973847,-2.6169424,6.550736,2.918621,-24.89088,21.129475,8.466156,-3.2681851,-0.14605077,4.249838,-2.9736893,-6.2538457,-1.333611,0.045491222,-7.56112,-4.084633,-49.84641,19.410385,21.632273,-3.790137,9.943423,-5.011217,0.4166038,6.280183,-0.845179,-4.860378,5.8013277,1.3623424,-27.737673,18.716045,-2.0087965,-1.6544439,0.69194543,4.9537544,-3.258608,-5.827665,-0.19154198,-1.1564348,-7.472532,-4.9393888,-47.42819,19.606716,16.709644,-4.0582957,8.095043,-4.3887057,0.45251793,6.1652575,-0.531529,-4.9633317,5.7821736,0.21309046,-30.546158,18.739988,2.1907616,-4.3623686,-1.3264283,2.4780743,0.40463245,-6.7734036,-2.5810282,1.2857256,-6.220326,-2.997632,-56.47855,15.162942,-2.7127132,-5.487678,6.775798,1.7645805,0.5818088,6.665661,-0.038308397,-2.430189,3.318465,0.82602483,-31.206978,18.299442,0.071828246,-4.304906,1.8244374,4.4030714,-2.1811843,-6.074275,-2.2242813,3.0287576,-6.857203,-5.9832926,-55.705196,14.64099,20.957087,-7.57788,8.279403,-4.3408203,1.228263,6.5220046,-0.047885496,-2.0854135,4.4294086,1.2857256,-21.60833,16.793444,4.862772,-9.98652,2.753416,4.0367475,-3.3064935,-3.694366,-1.9202085,1.802889,-5.8779445,-5.4948606,Running
0.5506832,-5.609786,-1.776552,-48.199146,20.559637,0.24421602,-3.46691,6.8356547,-0.19154198,0.15802214,4.9609375,0.8332076,-1.7214836,3.9792848,-1.8747171,-24.740042,19.465454,0.9217958,0.85236186,-2.5235655,3.2562137,-3.7757714,-5.233885,-2.7079248,-3.8380225,-7.5419655,-7.8292785,-35.483154,14.521276,4.8412237,-2.317658,7.6353426,-4.3025117,-0.47167215,6.2586346,0.67279124,-4.2570205,4.8723493,1.9273912,-33.436047,19.985012,2.5211713,-2.928198,-1.23784,3.9529476,-1.1085492,-6.244269,-2.1835787,-0.15802214,-8.253065,-4.826858,-50.303715,18.356905,13.855668,-6.0239954,7.003254,-3.371139,0.3304099,7.0176196,-1.1300977,-7.822096,6.352011,0.4740664,-28.446379,17.23399,3.1388943,-4.8292522,-0.71828246,5.6457,-1.3048798,-7.5395713,-1.2569942,-0.7829279,-8.152506,-4.9106574,-47.60297,13.644972,18.366482,-7.9585695,6.9218483,-4.948966,-2.1883671,7.6544967,-2.291321,-8.372779,6.943397,0.34716985,-25.55649,15.6777115,2.238647,-5.8659735,-1.2905141,4.008016,-2.9808722,-8.030397,-1.6712039,0.2466103,-8.849239,-5.1788163,-51.122555,18.400002,17.801434,-3.3950818,8.545167,-3.0239692,0.047885496,7.048745,-0.61293435,-3.0048149,4.640105,2.8611584,-32.60284,23.167004,2.4206119,-3.7638,-1.6305012,3.929005,1.0271438,-7.2019787,-2.2075214,-0.50040346,-7.2881727,-4.2043467,-37.743347,14.037633,-4.166038,-9.510059,7.24747,-6.919454,-0.019154198,7.355212,-1.6257126,-4.9633317,3.6297207,3.7661943,-24.555683,18.955473,-1.9369683,1.1277034,-0.07422252,5.6241517,-4.4820824,-3.057489,-0.80208206,-1.5203645,-5.078257,-2.8946784,-39.572575,14.401563,15.569969,Running
-41.813614,23.212494,6.6273527,1.1133378,7.80773,-3.9074564,1.0534809,5.200365,3.3950818,-6.8524146,14.799012,1.7813405,-15.601094,13.795812,1.4868447,-2.5020173,-2.1979442,0.038308397,-1.7190893,-4.328849,-3.1173458,-0.8978531,-5.00164,-11.358439,-33.110428,17.092728,3.0263634,-0.49082634,6.2753944,-5.1979704,1.7454263,6.1461034,-0.6296943,-1.637684,9.70639,1.8675344,-23.626703,15.354485,-3.2346652,-1.9465454,-2.0973847,2.6815877,-1.2306572,-5.715134,-3.476487,-2.5762396,-9.63935,-9.77343,-28.72651,11.928277,17.097517,-4.07745,10.508472,-7.1373334,-0.7733508,8.530801,-1.3838909,-5.1237483,9.158101,5.358387,-27.3091,12.237139,1.8699286,-2.6744049,-3.5267668,1.4413534,-1.951334,-6.589044,-2.8396099,1.7310607,-11.391959,-8.882759,-39.527084,22.008175,-3.047912,0.8930645,8.89952,-0.61293435,1.7981004,6.301731,-1.201926,-4.4749,8.8636055,0.038308397,-33.15831,17.609892,-5.0591025,-4.436591,-4.1564612,2.0375278,0.4764607,-9.009656,-4.0391417,1.1779832,-16.228395,-9.115005,-51.828865,21.443125,4.2665977,-0.8930645,10.937047,1.7909175,0.13886794,8.150111,-1.297697,-7.1947956,6.6848154,2.1093562,-34.10405,18.253952,-6.2490573,-6.241874,-2.7175019,4.522785,-1.9417568,-5.9856873,-2.1069617,0.16759923,-6.9074826,-2.2625897,-52.02041,13.27386,20.200497,-11.62181,11.538011,-5.3727527,1.5921928,6.1724405,1.9680939,0.08858817,4.4246197,-1.2426286,-16.932312,24.866938,11.214784,-7.843644,3.4190245,2.8683412,-2.7151077,-3.8643596,-0.56265455,1.0989721,-5.90907,-4.8124924,-12.749514,-7.7239304,-9.174861,-18.486197,14.44466,-1.6927522,Running
-1.1492519,7.85801,-1.8340145,-5.2290964,6.3400397,-1.3048798,-14.614654,18.744778,3.1412885,-3.344802,4.2235007,4.80531,-5.2147307,-4.556305,-2.648068,-0.76137936,-6.402291,-3.6369035,-49.755424,23.526144,14.554796,-1.7909175,6.830866,-4.2115293,-0.37111259,6.0766697,-3.380716,-5.954561,5.150085,1.3120626,-18.771114,18.58915,5.150085,-3.440573,2.8108785,1.5802214,-3.694366,-4.5419393,0.7685622,-0.48843205,-6.220326,-4.381523,-46.137676,21.14384,17.595526,-7.573091,10.410307,-4.5515165,0.89067024,6.2059603,-0.7996878,-3.45015,3.9792848,3.6704233,-21.002579,21.088772,6.6010156,-6.3208857,3.4621215,-0.4070267,-2.516383,-6.8260775,-3.1125572,1.9010541,-7.266624,-3.7781656,-47.251015,9.955395,12.921901,-5.6840086,9.998491,-3.3232534,1.5012103,6.055121,-0.6440599,-3.694366,5.1093826,1.2713599,-11.411114,17.059208,5.4733124,-5.724711,5.5307746,0.31843856,-3.5770466,-3.459727,-0.43815228,-0.38787252,-4.4820824,-4.4988422,-33.550972,0.57223165,10.668888,-11.743917,11.894757,-7.9992723,0.014365649,9.555551,0.5794145,-5.078257,6.361588,1.5706443,-13.807783,15.8979845,6.447782,-7.613794,6.6345353,1.4772675,-1.594587,-5.6600657,0.50998056,0.05985687,-8.736709,-1.8076775,-48.795322,12.550789,20.679352,-13.661732,14.212416,-2.300898,2.3463893,7.2809896,-0.29928434,-1.9585168,5.7965393,2.5738454,-21.18215,23.152637,5.097411,-6.589044,5.032766,-0.05027977,-2.205127,-5.873156,0.58420306,2.099779,-10.592272,-2.691165,-46.142464,7.9154725,17.394407,-10.139753,12.84289,-5.593026,0.90982443,8.549955,1.2785428,0.9026416,4.1564612,2.4469488,Running
-2.8898897,-3.8547823,-0.4956149,-0.32083282,-6.22272,-7.7909703,-45.632484,19.041668,24.115135,-7.345635,8.693612,1.324034,0.9816527,6.1269493,-2.6887705,0.52913475,3.1963568,1.4221992,-11.688849,20.80146,10.508472,-7.058322,5.078257,3.6201434,-4.460534,-3.806897,-2.1189332,0.50998056,-4.350397,-4.3168774,-30.388136,6.2706056,9.632168,-6.6177754,6.0048413,1.2737542,0.66321415,6.466936,-3.5770466,0.22506183,4.4270144,-0.6057515,-9.4142885,15.601094,11.032818,-11.432662,5.3727527,2.1811843,-4.5970078,-3.6033835,-2.9090438,0.94095,-5.6337285,-7.3671837,-28.338636,-4.80531,10.668888,-11.657724,11.497308,-2.1572416,-2.3559663,9.148524,-3.7590115,-3.553104,5.9018874,1.4174107,-18.323385,16.403177,7.1373334,-6.814106,2.9497466,1.4652961,-1.2186859,-4.417437,-0.29928434,0.098165266,-4.4485626,-6.543553,-40.70746,5.652883,15.464621,-8.047157,8.842057,-3.9050622,0.0071828244,5.626546,-0.36632404,-3.8978794,4.000833,2.588211,-15.713626,19.333769,4.539545,0.3304099,0.9217958,5.523592,-2.9593236,-6.8619914,-0.045491222,-4.3911,-8.193209,-3.8475995,-39.270897,15.112662,15.771089,-7.0128307,7.5491486,-2.3487835,0.30886146,5.794145,-1.3958622,-6.1652575,6.5004563,1.7238779,-18.91477,17.056814,0.16520496,1.0558752,0.031125572,2.9665065,-3.4214187,-6.2777886,0.24900457,-1.6759924,-6.9840994,-5.147691,-47.868736,16.518103,3.8763309,-3.7422516,8.382356,-2.2530127,0.7110996,5.9042816,-1.5490957,-1.9585168,2.3559663,1.5514901,-36.00271,21.548473,-0.2753416,-1.6568382,-0.42139238,5.238673,-1.759792,-5.5954204,-0.24182175,2.6791935,-7.5826683,-2.7677817,Running
-3.0910087,-3.014392,0.21069619,-2.3272352,-5.487678,-4.3432145,-37.247734,11.025636,5.0806513,-8.707977,9.335278,-1.1181264,-1.6975409,7.039168,-2.918621,-5.8252707,5.403878,0.72546524,-17.365675,13.144568,-3.4788814,-7.616188,4.9178405,1.2905141,-4.6041903,-2.473286,0.7039168,-0.26097596,-4.336032,-4.661653,-24.725676,-5.791751,4.285752,-14.887601,9.2419,-8.803748,-2.8491871,6.2251143,-4.8938975,-5.930619,4.948966,1.1708003,-10.858036,11.267457,-3.3064935,-8.557138,5.521198,-3.5985951,-2.9928436,-0.9385557,-1.4006507,-4.7550297,-2.7055306,-1.5921928,-2.4014575,-11.734341,-9.804555,-30.165468,14.399169,-1.1013664,-6.428628,4.9561486,-2.0806248,-0.7996878,3.9170337,-1.9537282,-6.0455437,7.6257653,-0.679974,-24.469488,12.18207,-5.3799353,-5.418244,1.5012103,1.2593886,-2.6456738,-3.8021083,-0.7901107,5.9808984,-9.943423,-10.64734,-37.80081,16.06319,0.038308397,-3.337619,6.3927135,-1.3288225,-2.360755,6.483696,-3.7949257,-13.0895,9.450203,0.27055305,-14.308187,10.750294,-2.5618742,-2.221887,-0.3232271,2.5929997,-3.9146392,-3.1460772,-0.5363176,-3.397476,-5.140508,-6.533976,-46.40823,14.751127,11.923489,-2.710319,5.140508,-3.605778,-0.600963,5.751048,-4.625739,-7.9513865,6.8069234,-1.4198049,-22.44872,12.953027,-4.743058,-4.2115293,1.4221992,1.9968252,-4.245049,-4.225895,1.5227587,2.2721667,-6.8619914,-4.9561486,-52.958965,15.823762,9.929058,-7.6185822,8.703189,-3.6608462,-1.0750294,6.591439,-1.9034485,-6.273,4.2833576,2.6217308,-15.462227,16.582747,-2.308081,-4.4126487,4.9992456,1.9417568,-4.4030714,-4.000833,-1.6185298,Running
-4.8555894,-2.9928436,2.1309047,-2.0447106,-5.889916,-7.903501,-27.359379,-2.7893302,6.284971,-11.322526,11.229149,-5.681614,-0.28731298,5.774991,-1.4748733,-2.640885,5.2410674,1.3168511,-15.876436,16.731192,-2.221887,-8.729526,5.8396363,2.0686533,-3.668029,-4.608979,1.4605076,-1.541913,-5.3248672,-3.179597,-29.176632,-0.4860378,5.4230323,-11.791803,9.550762,-3.1365,-4.862772,11.916306,-2.865947,-8.176449,7.3025384,3.8212626,-18.701681,11.3656225,3.694366,-5.8420305,3.4118416,2.020768,-3.605778,-6.5004563,0.86193895,-0.7877164,-8.868394,-5.090228,-45.950924,16.922735,6.6776323,-5.9258304,7.6473136,-4.0918155,-1.0151725,7.0367737,-4.6544704,-10.683254,5.8228765,1.1300977,-19.290672,15.308993,-1.7573977,-2.9210153,0.69673395,4.6903844,-5.0758624,-6.821289,0.99362403,-2.0016139,-9.244295,-10.072714,-37.53026,13.824543,-4.558699,-1.7190893,5.897099,-4.965726,-2.9305923,9.234718,-2.7725701,-11.566742,6.9888883,-1.0127783,-18.603516,9.627379,-4.460534,-3.632115,-2.9832664,1.8842943,0.4836435,-6.533976,-3.6464806,-6.936214,-4.9537544,-12.285024,-19.434328,8.964165,-9.335278,-2.2314641,6.7805862,-5.071074,-2.1740015,5.114171,-1.9202085,-7.8364615,8.253065,-2.5929997,-23.626703,8.277008,-6.141315,-4.5898247,-2.928198,-0.15083931,0.531529,-7.3192983,-3.9170337,-8.2578535,-9.593859,-4.573065,-25.47269,13.338505,-9.136553,-1.3168511,7.9944835,0.16520496,-4.6999617,6.7039695,-1.7047237,-8.05434,10.64734,-1.2306572,-10.905922,7.161276,-2.6289136,-2.205127,-2.6360965,-1.9034485,-1.8675344,-3.3256476,-2.1620302,-19.690516,-0.5506832,-1.3479767,Running
-2.6815877,-3.3998702,-5.4158497,-44.962086,17.236383,7.185219,-4.5060253,7.59464,-4.625739,0.6440599,5.7725964,2.3128695,-8.571504,7.082265,3.1987512,-14.885206,14.77507,0.7805336,-0.33759275,-0.23463893,2.5331428,-4.7286925,-3.6105664,0.29928434,-4.5251794,-6.996071,-7.1493044,-41.83995,20.004166,9.545974,-1.3575538,6.775798,-3.799714,-0.07422252,4.783761,-1.5658557,-8.837268,9.141341,2.0878077,-18.134237,15.007315,-0.05027977,-1.9393626,0.117319465,2.8683412,-3.2442424,-4.331243,-3.2202997,-3.205934,-7.6042166,-6.0934296,-41.46405,20.40401,3.632115,-0.56265455,5.403878,-1.3551595,1.1540405,3.833234,-0.8643332,-6.775798,7.2187386,0.7805336,-17.473417,19.226027,1.9489397,-1.324034,1.8531687,2.0255566,-5.856396,-3.2179053,0.5243462,-1.5993756,-5.4948606,-3.5147953,-45.965286,14.636202,14.260301,-5.973716,7.005648,-1.6089526,0.47167215,6.3544054,-2.8898897,-3.3687446,4.8986864,0.090982445,-22.745611,22.819834,5.305713,-4.862772,2.997632,3.328042,-2.0686533,-7.292961,-2.4014575,0.38547826,-10.290593,-1.3838909,-53.315712,17.935513,16.345715,-6.864386,7.6449194,-2.3248408,-0.5985687,6.407079,-2.3320236,-3.7302802,4.3958883,0.08140534,-11.808563,17.025688,5.2458563,-7.7526617,5.3368387,0.5985687,-3.007209,-3.6201434,-0.42378664,1.9273912,-5.358387,-5.954561,-22.898844,-2.9641123,4.455745,-13.618635,9.538791,-5.073468,1.5658557,5.260222,-4.520391,0.34477556,5.3009243,-0.21548474,-7.0511394,13.961017,0.4644893,-21.85973,10.546781,-3.3735332,-3.2705793,-1.5634614,1.132492,-0.17717634,-3.9601305,-3.6608462,-3.0263634,-10.3193245,-8.4230585,Running
-13.934679,-8.107015,-0.7134939,-11.001693,9.435837,-0.9313729,-2.4277947,9.3831625,-6.385531,-4.640105,5.90907,3.981679,-6.8284717,13.000913,0.2370332,-10.412702,8.79896,-1.0582695,-2.6839821,-3.859571,0.409421,-3.46691,-3.8859081,-4.163644,-11.171686,-5.3512044,-6.986494,-19.870087,12.308967,2.013585,-2.0710478,7.474926,-2.5834224,-0.888276,5.6313343,-1.1827718,-6.7662206,11.645753,0.54350036,-12.452623,9.814133,0.93616146,-3.7661943,-3.0335462,3.2107224,-5.00164,-2.7917244,-2.9210153,-6.2490573,-6.938608,-11.734341,-19.374472,9.294575,1.8004947,-2.17879,6.9098773,-3.5411325,0.03351985,5.272193,-2.0423164,-9.545974,8.083072,3.3639562,-24.56047,14.95464,2.5666625,-3.8140798,-0.68715686,1.0127783,-0.43096948,-6.0096297,-4.338426,-4.4988422,-8.56911,-8.178843,-26.006613,14.976189,-2.8779182,-0.60335726,6.7255177,-3.3064935,1.1995317,4.4629283,-1.2881198,-6.3208857,9.143736,1.0774237,-22.731245,14.116644,-3.189174,-3.5339496,-1.8220432,1.6281068,1.0582695,-5.9449844,-4.070267,-3.8763309,-8.573898,-9.672871,-26.351389,12.620222,-3.040729,-1.6807809,6.301731,-5.4685235,0.7015225,4.8340406,-2.8156672,-7.570697,8.008849,-1.5538844,-25.281147,14.250724,-4.659259,-4.4126487,-1.1947432,2.0351336,-0.51955765,-6.0479383,-2.4158232,0.82602483,-10.015251,-6.651295,-46.726665,17.86129,8.779806,-4.879532,6.981705,-6.124555,1.3192455,5.054314,-2.1644244,-7.6544967,5.5571117,0.57223165,-22.676176,16.022488,0.19633053,-6.2131433,2.0949905,2.1332989,-2.6073654,-5.9641385,-0.76616794,0.8236305,-7.987301,-5.978504,-44.511963,12.972181,16.24276,Running
0.15083931,0.20111908,-5.9258304,3.2035396,-5.7965393,-1.4581133,-0.14126222,-1.1660118,3.4357843,-10.577906,21.92198,-3.5435266,-11.913912,33.323517,2.1237218,-1.7693691,-2.7941186,-1.673598,3.4022646,-5.609786,-1.7693691,-1.2234744,0.9888355,1.6496553,-6.304126,13.714406,-2.885101,-14.202838,39.373848,-5.4302154,-0.45730647,-1.4652961,-0.97446984,5.4062724,-7.802942,-1.7813405,-3.0215747,3.4046588,-1.4940275,-6.8883286,14.918726,2.1452703,-11.600262,37.235764,-3.7135203,-0.21787901,-0.5458947,-2.4948344,4.862772,-6.9673395,-3.1700199,-2.3631492,1.6879637,1.9130256,-7.8268843,16.525284,-1.2426286,-11.897152,33.28042,-3.5985951,-2.2673783,2.8443985,0.16759923,4.767001,-6.926637,-1.8914771,-0.30646718,-0.9768641,-0.14126222,-7.980118,17.384829,0.57223165,-11.30816,36.222984,-2.7151077,-0.90503585,0.5985687,0.88588166,4.4653225,-6.610593,-3.0455174,-1.0750294,-0.888276,1.541913,-7.537177,16.97062,3.4357843,-6.5842557,33.522243,-4.9633317,-2.770176,3.3064935,2.710319,5.111777,-6.3352513,-3.7949257,-0.7350424,-0.72546524,0.9026416,-4.5467277,10.412702,-0.2561874,-15.66574,40.513523,-3.059883,-2.5618742,7.407886,2.0949905,5.8180876,-8.897125,-3.9409764,-2.1141446,2.300898,1.1875603,-6.071881,10.302565,2.1213274,-3.572258,29.859001,-1.8747171,-7.046351,15.529266,7.120573,4.3958883,-5.147691,-7.0319853,0.42139238,-2.0279508,1.3024855,-3.4645157,5.461341,0.05027977,-7.850827,33.929268,-4.3408203,-5.7606254,19.54686,4.7550297,3.5004299,-6.612987,-4.4749,2.4900458,-4.4198313,1.1420691,-4.9800916,7.4461946,-0.6296943,-2.0878077,24.893274,-5.4158497,Jumping
2.4277947,-4.9417834,-1.9130256,-4.0750556,3.74704,-0.7709565,-10.254679,39.673134,0.20111908,-4.022382,17.56919,8.564321,1.9992194,-5.200365,-0.9481328,2.2745612,-4.02717,-0.5961744,-2.1045675,2.6337023,-0.24900457,-4.5012364,29.933224,-3.799714,-8.959376,24.081615,6.7925577,2.083019,-6.0335727,-2.5570855,2.7486274,-5.6744313,-0.5027977,-4.3839173,6.6081986,-0.79250497,2.5187771,27.043333,-2.2314641,-9.344854,20.21965,6.002447,3.5339496,-7.491686,-2.482863,3.0981915,-5.401484,-0.5554718,-4.130124,3.4716985,-1.1827718,-13.020066,40.195084,-1.2498114,-6.081458,14.226781,9.024022,4.539545,-6.5124273,-3.6392977,1.8579572,-3.529161,-0.59378016,-1.9393626,4.2594147,-3.5866237,-16.628239,43.594955,0.7206767,-4.862772,13.810177,7.929838,2.7055306,-6.273,-3.3998702,2.2027328,-4.5443335,-1.7909175,-3.1915684,3.6177492,-2.0590763,-22.376892,44.875893,-5.8061166,-7.161276,16.154173,9.172467,5.523592,-7.9418097,-1.7143008,-0.23942748,-2.4493432,-0.61293435,-4.6137676,3.3352249,-0.3615355,-14.250724,39.792847,-0.60335726,-5.62894,13.836514,5.377541,6.8667803,-8.755863,-3.3304362,0.6751855,-2.6504622,-0.45730647,-3.7350688,6.5411587,-3.6919718,-16.206846,47.94296,-7.1325445,1.0822122,4.2594147,6.0862465,5.0136113,-5.33205,-1.8244374,-1.297697,0.26337022,0.35914123,-2.8443985,11.040001,-5.1285367,-13.082317,33.665897,-5.5188036,0.29689008,-1.462902,0.44054657,3.8859081,-5.262616,-1.376708,-1.647261,0.22027329,1.1205206,-3.0742488,27.424025,-1.8004947,-8.164477,25.96591,4.4725056,1.4126221,-4.862772,-2.9808722,2.3416007,-4.972909,-0.43575802,Jumping
1.0079896,-4.230684,0.16041641,-3.972102,14.403957,-1.2162915,-6.6800265,36.66832,0.339987,-1.9561225,5.0375543,1.9465454,2.978478,-4.206741,1.4844503,2.2625897,-4.2019525,-1.2138973,1.1516461,19.975435,0.28252444,-6.445388,29.011427,8.473338,-0.8332076,0.5698374,-1.0654523,2.727079,-4.9274178,-3.2394538,0.600963,-2.9090438,-0.531529,2.9521408,23.942749,7.2019787,-7.8699813,27.462332,7.5036573,-1.3527653,0.2370332,0.8284191,3.1293173,-6.2682114,-5.4661293,0.93616146,-4.2833576,2.0016139,-6.490879,29.928434,0.95531565,-6.93382,25.57325,10.170879,-1.2186859,-0.6344828,-4.7741838,2.3248408,-5.154874,-3.059883,0.38547826,-2.8970726,1.472479,3.1412885,19.13265,-4.889109,-6.012024,27.02418,6.3113084,-1.3360053,-1.5227587,-0.9960183,3.902668,-5.0184,-4.106181,-0.85236186,-0.90024734,0.014365649,-1.5706443,12.433469,1.9968252,-8.174054,36.02905,3.938582,-1.759792,1.673598,-0.36632404,2.6791935,-3.1484714,-5.681614,-0.68715686,-0.7302538,0.723071,-5.540352,20.064022,8.049552,-2.8084843,22.015356,17.583553,-0.65124273,2.257801,-0.16041641,0.38787252,-2.9114382,-3.4956412,1.7047237,-4.0966043,0.9385557,2.0758362,14.238752,-4.6544704,-10.211582,34.15433,7.103813,-2.8252442,1.0223553,2.1668186,1.9561225,-4.537151,-2.779753,0.6177229,-3.1772027,-0.7901107,-0.4285752,7.283384,-3.284945,-14.784647,46.832016,-2.7845416,-0.80687064,4.048719,-0.047885496,2.0925963,-4.173221,-1.9824595,0.65363705,-3.7853484,1.211503,-1.1109436,2.8563697,-4.4749,-23.516567,51.61817,-3.179597,-2.5044115,6.4765134,0.9241901,2.5427198,-3.047912,-1.3024855,Jumping
-2.8635526,9.150918,1.89866,3.1341057,-4.6664414,-0.409421,1.228263,-1.9944309,-3.9361877,-8.91149,22.692936,-4.8915033,-13.640183,25.846197,3.5435266,1.89866,-4.8148866,-2.8420043,3.9864676,-5.7438655,0.11253092,-1.0223553,-0.15802214,-1.1731946,-23.59558,41.068996,5.233885,-7.910684,18.888433,4.2642035,1.7621863,-4.9202347,-1.812466,3.9194279,-8.583475,-1.2402344,-1.4078336,-1.8771114,-1.23784,-36.357063,57.132187,-3.9074564,-5.6600657,10.503684,3.371139,0.21787901,-7.3049326,-0.6177229,4.5706706,-10.76466,-0.17478207,-0.88109314,-0.14844504,-2.925804,-19.063215,46.03951,-3.9242165,-3.232271,8.638543,-2.7869358,0.31365,-4.355186,0.63208854,2.2841382,-8.511647,-0.85954463,1.4509305,-1.4700848,-5.150085,-18.986599,44.998,-12.593885,-4.410254,7.5036573,-1.9465454,1.3671309,-5.1261425,-0.7972935,1.2953026,-6.141315,0.2944958,0.34716985,-3.5219781,-3.1293173,-29.284374,54.417076,-12.076722,-2.885101,6.8260775,1.333611,1.2569942,-6.0766697,-2.2841382,4.06069,-8.703189,1.0462981,-0.3423813,-0.91461295,-6.021601,-22.810257,48.32365,-7.515629,-2.6839821,5.0160055,-0.47167215,2.6767993,-6.8787518,-1.960911,3.572258,-8.281796,1.594587,1.6927522,1.3623424,-8.789383,-16.87006,36.431286,-7.6640735,-2.3032923,2.7055306,-0.95531565,2.7510219,-5.652883,-2.640885,1.0822122,-5.446975,0.9289786,1.9369683,9.909904,-4.3958883,-14.195655,34.863037,-4.309695,-3.050306,3.5650752,-2.0447106,2.2123098,-4.6712303,-0.6057515,1.7909175,-5.253039,1.1803775,6.028784,2.7318676,-5.995264,-14.834927,33.934055,-3.1269228,-1.2833313,2.6432793,-2.3894863,Jumping
2.0806248,-9.136553,2.535537,-10.393547,30.898117,2.743839,-7.1229677,30.024206,8.260248,-4.68799,-2.5044115,4.932206,2.0614705,-12.11503,-2.7079248,1.2617828,-8.758257,2.9066496,-10.834093,27.795135,-7.0798707,-4.209135,27.143894,-3.1245286,-4.09421,2.9760835,5.217125,-2.5020173,-11.162109,-0.9888355,3.0550947,-13.872428,-0.047885496,-4.417437,18.246769,-3.2801564,-5.176422,30.268423,6.60341,-4.9154463,1.0175668,6.632141,-0.749408,-14.451842,1.3838909,4.8292522,-12.471778,-1.2258687,-23.95472,43.211872,-0.24421602,-3.74704,26.358572,-14.420717,-0.71828246,1.2857256,5.1357193,1.0343267,-12.888381,2.0375278,0.8092649,-9.28021,-0.9074302,-10.661706,34.9612,5.5786605,-3.1652312,30.517427,0.8379962,-3.4477558,2.727079,6.3759537,0.8044763,-11.4757595,-2.4876516,2.47568,-9.395134,0.7829279,-13.589904,34.18306,1.9872481,-11.715187,36.32833,-6.3711653,-4.4844766,-4.065479,9.562734,0.6177229,-13.640183,-2.3631492,4.5108137,-10.793391,-4.35758,-32.41609,43.436935,17.341732,-8.176449,31.9923,-6.6010156,-3.7494342,-1.7693691,5.2051535,2.595394,-13.175694,-1.2689656,3.371139,-12.469383,-2.0710478,-23.744022,46.415413,20.183737,-6.838049,28.599613,-1.7981004,-3.5507095,-2.7917244,5.810905,1.6975409,-13.972988,-1.8196489,4.017593,-11.906729,-2.8539755,-30.694603,53.234306,30.108006,-10.321719,22.589983,-7.6521025,-3.7614057,-4.5706706,7.309721,5.834848,-14.753521,0.071828246,1.359948,-15.380821,-1.6328955,-19.886847,60.970207,37.563778,-9.850046,10.836488,2.9042554,-1.8411974,-10.711986,4.1373067,5.89231,-14.861263,-3.6297207,Jumping
-6.7877693,10.860431,12.385584,2.1476645,-14.420717,1.3719195,3.0957973,-15.17252,-5.8611846,-15.687288,23.047289,23.195734,-16.15896,43.02512,4.8723493,-3.6656346,-2.6217308,11.729552,4.6999617,-19.568407,-1.8052832,-1.8699286,-9.354432,-2.6815877,-16.731192,44.502384,19.771921,-10.194822,21.93874,6.656084,-1.0175668,-9.3592205,5.236279,6.893117,-17.08794,-3.3759274,-8.609812,7.84125,11.851661,-12.830918,43.851143,6.857203,-6.021601,6.7901635,10.668888,0.7901107,-13.1206255,0.9624985,3.799714,-14.301003,-4.9705143,-23.140667,25.889294,19.190113,-11.552376,36.050594,-1.664021,-4.8555894,-1.0439038,12.083905,6.368771,-17.140614,-2.925804,-1.0271438,-9.775824,-3.5602865,-14.870841,35.96201,22.530127,-9.103033,28.65468,-1.0319325,-0.69673395,-3.5267668,6.203566,4.9633317,-13.345688,-5.0591025,-4.70475,2.083019,4.333637,-7.84125,35.71061,8.025609,-5.621757,18.048044,3.2274826,1.0319325,-8.157294,2.52596,3.4860642,-9.632168,-2.9473522,-7.005648,14.916332,15.139,-8.573898,35.135983,9.615408,-3.5866237,7.59464,4.5898247,1.733455,-9.830893,-1.6831752,2.6073654,-7.735902,-3.6584518,-9.842864,23.332209,12.028836,-10.379181,34.106445,6.344828,-2.6863763,3.1652312,6.572284,3.1388943,-9.634562,-2.9952378,0.818842,-6.22272,-2.308081,-13.630607,29.444792,12.361641,-8.686429,29.032976,6.3113084,-2.892284,1.8771114,4.592219,3.328042,-10.716774,-1.56825,0.37350687,-6.4573593,-0.7637737,-14.672116,32.179054,14.006508,-10.108628,27.929216,-2.0375278,-1.5203645,-4.807704,10.393547,4.9872746,-13.889188,-0.9217958,Jumping
-1.9178141,-2.3200524,7.0080423,4.580248,-13.848486,-2.3200524,-9.232324,6.56989,5.66246,-11.221966,41.265327,14.250724,-4.4725056,6.976917,3.3040993,1.9968252,-11.11183,0.045491222,3.8140798,-10.273833,-2.257801,-17.169344,38.681904,13.48695,-7.307327,24.191753,-1.5850099,-1.5730386,-3.6895776,5.7199225,4.486871,-12.835708,-2.423006,-5.846819,1.6855695,2.1237218,-12.3807955,42.218246,13.091895,-5.0160055,11.93546,1.6879637,1.5897985,-9.751882,1.8842943,4.2402606,-10.364816,-3.2801564,-16.1422,31.274017,12.538817,-7.8987126,29.080862,1.5634614,-2.19555,-3.1484714,7.4438004,4.6760187,-12.696839,-3.2490308,-4.7789726,1.2354459,2.0854135,-14.061576,42.94132,12.560366,-5.463735,12.830918,2.6360965,1.56825,-8.954588,3.1580484,5.1189594,-11.01127,-2.80609,-13.029643,19.305038,5.715134,-9.055147,33.701813,0.8284191,-2.47568,2.351178,6.5124273,4.1540666,-10.38397,-0.0670397,0.8379962,-4.7262983,0.52674043,-13.745532,40.199875,8.253065,-5.9378014,16.805414,-3.3424077,-0.72546524,-4.5467277,3.4118416,5.2290964,-12.739936,-0.16520496,-15.184491,25.001017,2.997632,-7.9346266,30.270817,0.888276,-1.9800652,1.201926,5.0662856,3.2993107,-10.525232,0.043096945,0.043096945,-2.423006,0.3423813,-15.17252,40.831963,15.711231,-5.7630196,12.823736,2.7917244,2.3487835,-9.742304,3.7398572,4.9346004,-10.719169,-2.4541316,-19.139833,30.63714,11.873209,-8.063917,28.712143,-2.5379312,-2.0327394,-1.7143008,6.5746784,3.6871831,-11.758284,-2.4014575,-2.971295,-1.7238779,0.062251143,-13.635395,42.30923,15.3784275,-5.9832926,12.725571,1.0654523,Jumping
-0.31604427,-5.219519,6.0000525,6.6201696,-10.9801445,-4.800521,-13.168511,16.204453,7.2953553,-12.313755,33.34267,8.992896,-2.875524,0.600963,3.9146392,6.2514515,-14.107067,-0.7110996,1.0702409,-7.8987126,-0.8739103,-22.324219,47.222282,20.698505,-6.9003,11.478153,2.0590763,2.4469488,-7.9154725,1.8531687,4.879532,-9.967366,-2.3487835,-12.862044,17.818193,6.0455437,-10.625792,33.07691,-0.05506832,-2.753416,-0.5913859,6.136526,5.255433,-12.897959,-0.9337672,2.5714512,-7.6712565,-0.9337672,-23.169397,51.26861,10.084685,-7.6090055,11.992923,4.3887057,2.7246847,-9.828498,2.0590763,6.1054006,-10.858036,-3.7733772,-14.935486,17.693691,0.2370332,-11.679273,33.01226,-0.105348095,-4.4988422,0.63208854,7.458166,5.39909,-12.311361,-0.24182175,4.635316,-9.751882,-0.5650489,-31.26444,47.140877,6.893117,-12.840496,20.341759,-1.960911,1.1229149,-7.805336,3.615355,7.3408465,-10.336084,-2.6121538,-2.569057,-2.743839,0.55786604,-19.340952,43.482426,21.486221,-6.6632667,15.246742,2.719896,0.8284191,-8.942616,4.0104103,5.147691,-11.729552,-1.4006507,-9.857229,17.734394,3.8284454,-10.992116,33.910114,7.580274,-5.0375543,0.82123625,6.7303066,7.4102807,-16.127834,0.08619389,1.7430321,-10.225947,-1.9226027,-25.199743,51.04594,15.002526,-7.80773,13.836514,1.1061549,2.6720107,-7.328875,3.4357843,5.9904757,-10.482135,-3.806897,-17.305819,19.075188,-4.764607,-9.996098,31.28599,0.7805336,-2.5762396,1.3144568,5.047131,4.436591,-12.127002,-1.3192455,1.951334,-6.177229,-1.0295382,-19.566013,46.678783,13.252311,-7.3671837,14.255512,-0.54350036,Jumping
2.3152637,-11.731947,2.9377751,4.168432,-9.450203,-0.34956414,-24.692156,43.096947,14.286637,-9.395134,22.216476,-3.79732,-1.6185298,-3.9840732,6.708758,5.36557,-12.019259,-1.733455,-3.3950818,2.2601955,0.43575802,-15.414341,33.917297,15.459832,-2.7677817,1.3312168,0.014365649,1.6257126,-8.449396,1.7406378,3.6584518,-4.4844766,1.1396748,-18.790268,39.51511,16.599506,-2.3032923,7.563514,1.5802214,-0.54350036,-2.4158232,-0.92658436,8.265037,-8.195602,-1.1947432,-25.645077,39.297234,-0.86193895,-6.639324,19.633053,-3.0957973,-2.7055306,-6.8715687,5.00164,7.1660647,-14.787042,-1.6759924,-17.018505,14.078336,-3.3567734,-11.423085,32.083282,5.873156,-4.3695517,0.57223165,4.0151987,2.8946784,-15.900379,3.5746522,2.5187771,-7.8125186,-0.49800915,-19.50855,50.32287,21.364115,-6.0934296,8.894731,0.845179,0.6943397,-13.10626,4.051113,4.889109,-12.24911,-2.439766,-26.320263,42.83118,13.910737,-7.56112,22.53252,-5.1716337,-3.2610023,-5.794145,7.9513865,7.1133904,-13.802995,-3.562681,-6.2107487,4.6544704,1.1253091,-14.799012,41.36828,11.425479,-3.6440864,5.0375543,2.1835787,2.0518935,-10.99451,2.0806248,3.8739367,-9.560339,0.3040729,-19.731218,45.83839,7.982512,-7.0176196,18.797451,-5.358387,-1.7669748,-7.0080423,5.8755503,6.1293435,-12.6010685,-2.8443985,-12.874016,15.96263,1.1803775,-9.766247,32.09765,6.483696,-3.2298768,-0.5219519,3.3088877,3.6656346,-10.956202,-0.68715686,2.5020173,-1.9273912,0.062251143,-13.199637,41.54785,13.3959675,-2.6432793,7.309721,1.9633054,-1.0822122,-8.74868,2.7486274,7.3216925,-10.831699,-3.8356283,Jumping
1.7573977,-8.549955,-0.82602483,-12.524451,42.021915,14.7726755,-4.436591,7.434223,1.5179702,2.9689007,-15.304205,-1.3431882,2.6791935,-10.371999,-1.5538844,-16.697672,46.053875,9.744699,-6.9122715,15.660952,0.76616794,1.462902,-11.913912,5.6504884,4.9633317,-12.694445,-2.3224466,-16.11347,33.048176,16.324165,-9.656111,26.959534,4.14449,-1.3431882,-6.081458,6.7446723,6.167652,-14.384803,-2.4182177,-11.674484,11.253092,6.979311,-12.0025,38.27009,10.182851,-3.301705,3.476487,4.7550297,3.337619,-13.340899,-3.0431232,1.4748733,-6.8284717,-0.82123625,-16.74077,45.08898,13.0655575,-6.2514515,12.031231,0.21309046,-0.5961744,-9.732727,3.8978794,6.6776323,-12.043202,-1.908237,-24.11753,32.387356,9.5483675,-9.90272,26.365755,2.2793496,-2.700742,-6.9577627,7.5443597,7.266624,-14.856475,-2.4254005,-8.456578,6.732701,4.0032277,-14.595499,37.21182,23.755995,-4.470111,4.06069,2.1979442,0.4166038,-12.692051,0.91700727,3.5698638,-12.2706585,0.29928434,-19.589956,49.863167,9.601042,-6.902694,16.788654,-3.5483153,-1.3024855,-8.502069,6.301731,7.398309,-14.760704,-2.073442,-15.972207,21.912403,0.7996878,-12.644165,34.482346,9.682447,-3.632115,-0.6488485,3.8715425,5.751048,-15.905168,0.29928434,1.5490957,-9.239507,-0.083799616,-24.079222,52.178432,20.882864,-6.775798,10.022434,1.5993756,-1.3407938,-11.32492,3.4142358,7.041562,-13.405544,-4.0199876,-23.60755,43.19511,5.626546,-6.404685,20.679352,-0.7709565,-1.2043202,-4.745453,4.6712303,4.819675,-11.547587,-1.089395,-3.8930907,4.6137676,1.9226027,-17.353704,39.35709,21.467068,Jumping
-11.142955,33.031414,6.6704497,-0.1699935,-7.867587,7.9585695,5.147691,-13.707223,-0.9888355,-11.600262,8.341654,5.6935854,-13.975382,38.990765,6.1077952,-3.6129606,4.608979,6.0431495,3.4381785,-12.816553,-1.7669748,3.1508656,-7.822096,-2.2362528,-19.415174,45.136868,10.853248,-6.0694866,16.889214,-3.703943,1.977671,-11.138166,1.9585168,5.31529,-11.133378,-2.8611584,-17.152584,39.064987,6.5196104,-7.676045,25.084818,-7.7143536,-2.413429,-4.6041903,7.3839436,3.4333901,-12.988941,-1.5610672,-1.5203645,-2.423006,-0.34716985,-18.859703,45.644455,15.663345,-4.7286925,8.868394,1.5850099,0.91700727,-10.690437,3.8284454,5.686403,-11.023241,-1.1803775,-18.388031,31.68344,4.242655,-8.339259,29.20297,-3.4286015,-3.8523881,-1.3791022,6.6081986,4.9992456,-14.2770605,-1.9992194,0.44294083,-4.685596,0.505192,-19.958675,46.7961,10.790997,-4.8555894,9.325701,-1.1564348,1.3360053,-9.672871,3.7087317,6.0886407,-11.44224,-0.3974496,-19.312222,35.03782,0.81644773,-7.822096,25.81986,-5.621757,-3.0718546,-2.5499027,5.355993,5.138114,-15.009708,-0.5650489,-1.3695252,-2.803696,1.2641771,-18.294653,46.29091,15.94587,-4.929812,8.461368,3.2202997,0.6296943,-9.593859,2.466103,5.3679643,-11.305766,-2.020768,-21.661005,42.66358,0.9074302,-4.9992456,21.931557,-5.3009243,-2.7462332,-2.657645,5.4565525,5.1859994,-14.894784,1.1492519,-2.7462332,2.4277947,0.8044763,-13.640183,42.9916,8.578687,-3.4573328,8.640938,1.6688095,0.28970724,-9.747093,2.648068,7.2785954,-12.23235,-0.7446195,-21.2444,36.45044,2.6025767,-7.3647895,26.207731,-2.5020173,Jumping
-2.2889266,-8.12138,5.619363,5.3871183,-16.11347,-4.6903844,-17.248356,24.807081,0.13886794,-10.259467,31.329086,-1.7789462,-3.9337935,-0.15083931,4.965726,4.659259,-16.83654,-0.9433443,3.3639562,-9.038387,-2.2601955,-20.265142,50.734684,19.156593,-4.802915,11.449422,-0.8786988,0.54828894,-10.79818,4.565882,6.4166565,-12.177281,-1.1109436,-25.815071,43.034695,2.3224466,-6.3137026,22.405624,-1.5012103,-0.967287,-6.0886407,4.783761,7.2426815,-15.445467,-0.1699935,-5.2290964,-0.39505535,-0.43575802,-13.510893,40.65718,9.019233,-4.6137676,5.8324533,3.5507095,1.9872481,-12.6561365,2.3152637,4.7957325,-10.956202,-1.8244374,-27.60599,52.29575,20.111908,-8.183631,15.720808,-5.4924664,-0.723071,-11.660118,7.656891,6.035967,-12.500508,-0.3974496,-14.660145,16.781471,-2.6863763,-10.537204,33.0793,4.2665977,-4.166038,-1.3407938,4.455745,4.249838,-14.887601,0.29689008,0.32801566,-7.814913,-0.4070267,-20.001772,48.203934,14.64099,-8.521224,13.372025,1.5347302,0.6296943,-9.663293,4.860378,6.3376455,-12.833313,-0.66321415,-16.762318,13.972988,-4.72151,-10.307353,34.403336,8.363202,-6.014418,1.977671,5.1357193,4.3240604,-15.146182,1.5730386,2.2793496,-8.597841,-0.50998056,-24.67779,51.273396,17.633835,-5.95935,15.38561,-3.6488748,0.70631105,-8.413482,3.842811,5.8755503,-13.417516,-0.27294734,-14.621837,14.698453,-1.8316202,-11.207601,32.368202,-0.37590113,-5.403878,2.6121538,4.7957325,4.5491223,-14.183684,2.047105,3.5842295,-9.335278,-0.4836435,-19.290672,47.447346,14.396774,-6.629747,15.249136,-1.620924,-0.052674048,-9.282603,5.322473,Jumping
-5.317684,-2.4517374,2.3032923,-15.050411,41.92375,8.959376,-9.213169,18.672949,3.2011454,-1.8531687,-12.546,8.300951,4.2618093,-13.999325,-5.949773,-20.126274,18.285076,8.20518,-9.761458,34.14954,8.269825,-3.605778,3.265791,7.2618356,3.6800003,-15.340118,-1.4293821,3.0886145,-11.418297,-2.2769554,-15.033651,46.104156,13.360053,-5.212336,18.069592,-4.7885494,-1.7645805,-6.938608,7.2426815,4.7598186,-15.8429165,-0.61293435,-18.986599,22.592377,14.456632,-10.917893,33.91251,1.9872481,-2.918621,-3.3615618,8.973742,4.235472,-16.12544,-3.991256,-2.3655436,-0.66800267,-0.105348095,-13.142175,38.878235,12.009683,-3.9960446,15.210828,3.3615618,-0.0071828244,-6.711152,2.011191,2.1380875,-11.928277,-2.1309047,-10.992116,17.787067,5.521198,-8.518829,42.323597,11.45421,-3.7446458,5.0136113,5.6600657,3.1173458,-11.583502,-3.1412885,1.6855695,-8.71516,1.8555629,-1.3982565,5.217125,4.9274178,-9.134158,44.748997,1.5443072,-6.404685,13.6162405,3.0550947,0.15802214,-8.05434,0.19633053,1.4054393,-9.775824,0.7853221,-4.295329,8.006455,3.1173458,-7.56112,44.148033,6.902694,-5.643306,10.783813,3.502824,1.1779832,-7.005648,-0.23224466,2.578634,-6.6273527,2.2889266,2.0614705,0.64166564,-0.8379962,-18.249163,47.677193,9.864412,-6.0239954,14.377621,1.9226027,-0.32083282,-5.6385174,0.94095,2.2027328,-9.620196,-1.802889,1.3024855,-0.016759925,-3.3136764,-10.31693,43.04906,11.2004175,-5.6672482,17.870867,-0.82123625,-0.20351335,-4.9346004,0.5554718,1.7981004,-9.646533,0.20111908,1.132492,-0.8044763,-1.4940275,-8.566715,42.282894,14.753521,Jumping
-24.165415,49.908657,13.154146,-4.4461684,9.354432,-3.8260512,3.9744961,-16.7695,-4.731087,3.459727,-12.289813,5.669643,-10.304958,20.396828,0.5363176,-11.535616,40.015514,16.81978,-6.167652,1.4916332,3.4836698,3.7326744,-13.431882,-4.1516724,2.8013015,-7.450983,0.7039168,-6.593833,21.007368,-0.07422252,-10.860431,37.937283,13.975382,-2.238647,0.026337024,2.3823035,2.3894863,-10.527626,-3.189174,2.1931558,-6.9649453,-0.9385557,-9.751882,36.33791,-0.15083931,-9.419077,24.194147,6.857203,-0.15802214,-3.5243726,1.8196489,4.0104103,-7.4030976,-0.21787901,0.7326481,-5.3799353,-1.1684061,-31.590061,45.74262,9.593859,-7.865193,18.105507,4.8484063,-0.531529,-4.07745,-0.19633053,2.3200524,-7.4533772,-4.2570205,1.7957062,-4.113364,0.5650489,-22.53731,42.850338,3.1365,-7.3815494,21.050465,0.8092649,-0.600963,-2.221887,1.9010541,3.677606,-7.063111,-3.5770466,0.03351985,-2.5403256,0.9816527,-30.443205,45.76896,10.723957,-4.723904,17.212442,4.5467277,-2.5211713,0.41420954,0.39266106,1.0654523,-5.5810547,-2.0902019,4.9154463,-5.106988,-0.28013015,-30.476725,47.74184,11.3656225,-12.014471,15.012103,2.205127,0.6488485,-1.0989721,0.12450229,5.106988,-7.2091613,-3.4812756,5.727105,-0.25858167,-3.3160706,-12.464595,39.797634,18.766325,-5.437398,6.7398834,-1.2593886,1.8699286,-9.167678,-5.6504884,3.3519847,-10.156514,1.0079896,-4.2019525,19.30025,-4.860378,-11.063944,34.487133,10.051166,-3.8954852,-0.028731298,5.195576,2.5475085,-12.502903,-4.786155,2.6648278,-11.236332,1.1827718,-2.8467927,8.657698,0.9696813,-16.367262,42.59415,14.451842,Jumping
3.756617,-11.059155,-1.611347,-0.25139886,-4.4629283,2.308081,-39.167942,54.85044,29.760836,-8.109408,13.908342,-4.7167215,-1.7214836,-10.913105,5.8683677,3.9194279,-13.1517515,0.14365649,-2.0255566,-0.6751855,-0.83081335,-18.799847,47.978874,11.305766,-7.5826683,10.010463,0.4740664,3.2801564,-11.152532,-1.4700848,3.2897336,-10.348056,1.6544439,-1.3551595,1.4078336,0.13647367,-22.264362,47.895073,11.569136,-5.8228765,9.038387,-0.50040346,0.68715686,-9.557945,0.29928434,3.964919,-9.445415,-2.17879,1.6305012,-2.7222905,-0.89067024,-32.150322,51.838444,15.895591,-6.675238,10.934653,-3.1604428,1.0247496,-7.8268843,2.3416007,5.0160055,-12.715994,1.6544439,-1.6065584,7.290567,-5.889916,-14.992949,42.223038,8.578687,-5.1620564,5.0160055,-1.9154198,5.403878,-11.715187,-0.7637737,1.8842943,-9.067119,2.423006,-6.811712,8.743892,-0.90503585,-19.42954,45.61333,8.55235,-6.1077952,7.937021,-2.1045675,3.7614057,-12.64656,0.48124924,3.3424077,-10.73114,1.4413534,-4.3168774,5.6145744,-0.22745611,-15.727991,48.33562,8.25546,-4.731087,6.821289,2.6720107,2.6887705,-9.284998,-2.2793496,4.4270144,-9.517242,-1.6783867,0.016759925,-1.23784,-1.6975409,-27.649086,51.9414,12.146156,-3.275368,4.9537544,-0.42618093,3.3735332,-7.5419655,-1.0486923,2.9066496,-8.7822,-1.9058428,3.7446458,-2.8276386,-4.355186,-20.933146,47.715504,13.922708,-6.150892,9.244295,-0.071828246,-0.63208854,-8.528407,-1.1277034,4.7191157,-11.882786,-1.8651401,-2.4062462,-1.4078336,-1.1947432,-19.218843,53.581474,1.812466,-5.463735,13.513287,1.3120626,1.637684,-8.600235,-2.4996228,Jumping
-3.1221344,7.946598,7.4174633,-2.1452703,-5.1883936,-4.371946,10.422278,-6.3807425,-13.714406,-21.289892,22.589983,22.719275,-9.768641,30.187017,4.8364353,-7.620977,6.2921543,13.154146,1.2306572,-15.579546,-1.9561225,2.6839821,-11.856449,-4.3001175,-17.16695,35.914124,-6.0503325,-10.046377,26.088018,6.349617,-1.7238779,-4.278569,4.807704,2.4421604,-14.425506,0.33759275,1.5467016,-7.877164,-0.09577099,-30.263634,59.423508,7.23071,-7.7766047,20.176554,1.7885233,-0.17717634,-9.80695,3.605778,3.7350688,-14.078336,-0.65363705,0.047885496,-3.4190245,-0.05985687,-25.745638,56.72037,19.879663,-5.2506447,12.055174,3.8763309,1.908237,-8.111803,-2.2123098,1.637684,-7.702382,-0.13886794,0.5794145,-2.8252442,1.7502149,-28.068083,56.828114,12.969787,-3.093403,15.148577,1.2522057,0.07901107,-8.767835,1.5347302,3.3352249,-11.028029,-1.6352897,0.9864412,-1.9896424,1.8723229,-19.19969,49.006016,19.441511,-3.5363438,8.743892,3.859571,-0.5818088,-5.9617443,0.77574503,3.031152,-8.023215,-1.2043202,4.7358756,-3.929005,-2.2889266,-21.402422,44.248592,18.486197,-4.98488,6.8452315,-0.2561874,2.7653873,-7.9609637,-1.4054393,3.6225379,-9.651321,1.1468576,6.8619914,14.518883,-11.044789,-6.986494,25.228474,8.511647,-2.5211713,-1.4940275,2.9665065,2.257801,-11.403931,-2.2769554,1.0415095,-7.4821086,0.7541966,-9.380769,33.747303,-7.702382,-9.75667,27.91485,5.217125,-3.2729738,0.023942748,4.0199876,1.0343267,-9.981731,-0.7398309,1.7550035,-8.71516,2.0447106,-4.7885494,30.091246,-1.7741576,-8.76544,29.116776,7.024802,-5.542746,1.1253091,4.1253357,Jumping
4.3767343,-7.127756,-4.853195,-0.6057515,-2.2673783,0.2370332,-4.2833576,30.9053,1.2474172,-9.962578,28.941994,5.6385174,-2.4277947,-4.0319586,2.5092,2.9401696,-9.529214,-6.5028505,0.4668836,-5.62894,1.8483802,-13.4510355,41.993187,4.640105,-8.334471,23.722475,2.9832664,-1.5036045,-3.938582,2.0327394,3.1604428,-7.1924014,-5.253039,0.8667275,-4.846012,1.2593886,-6.3759537,35.705822,1.3743137,-3.3902931,20.983425,10.027223,-1.8651401,-1.2857256,1.0151725,3.0191805,-7.2091613,-5.724711,0.7110996,-4.7765784,0.011971374,-6.577073,31.135149,4.276175,-5.9713216,25.939573,4.122941,-2.3487835,0.08140534,3.4094474,3.2370596,-8.573898,-3.3831103,1.8579572,-5.652883,1.6352897,-0.7996878,26.025766,-5.1045938,-2.7725701,26.238857,3.258608,-3.179597,2.8970726,6.079064,0.33519846,-8.142929,-2.3990633,2.7749646,-7.778999,0.9960183,6.9912825,7.2546525,-10.565935,-9.938635,33.555763,6.7470665,-2.4445546,3.031152,3.0694604,1.3910737,-7.2546525,-2.4852571,1.6664152,-6.9888883,1.7430321,7.020014,8.090255,-8.514041,-8.861211,35.753704,5.9904757,-4.4246197,5.147691,3.3615618,0.6608198,-8.281796,-0.62251145,2.0949905,-7.937021,-0.94095,2.3416007,-1.802889,-2.4277947,-21.728045,50.03316,11.57153,-4.187587,11.121407,1.8507744,-1.951334,-6.3400397,1.8052832,3.981679,-11.770255,-0.89067024,7.2953553,-5.2913475,-3.632115,-19.599533,49.003624,15.141394,-6.359194,11.140561,-1.1803775,-1.0606637,-9.057542,4.5515165,3.6129606,-10.213976,1.7238779,10.460587,2.719896,-5.2482505,-7.283384,41.16477,12.897959,-5.4302154,8.691217,5.200365,Jumping
-18.012129,27.098402,0.72785956,-0.50040346,-29.066496,11.585896,2.9521408,-19.154198,-4.6329217,-18.81421,21.840574,20.480627,-16.977802,51.61817,-2.5068057,-6.533976,-0.32801566,12.785427,2.7079248,-28.31709,-1.9561225,-4.6065845,-5.956956,1.5993756,-13.216397,50.91186,5.497255,-7.3169036,23.835005,5.28177,-4.7885494,-18.790268,3.7757714,0.6392714,-18.91956,1.1372806,-6.193989,8.645726,9.75667,-9.811738,60.330936,4.5012364,-3.7326744,0.90024734,9.519637,-2.925804,-12.790216,-0.6703969,-0.18914771,-9.457385,1.4964218,2.7079248,3.562681,-5.0830455,-10.697619,53.42106,20.284296,-4.06069,6.0670924,0.845179,-0.6608198,-15.926716,2.3894863,0.3974496,-7.9777236,1.2186859,-4.862772,24.409632,-4.0319586,-7.6712565,39.747356,11.765467,-4.182798,1.4509305,3.2873392,-1.934574,-11.95222,1.1947432,2.0087965,-9.093455,1.2881198,-12.383189,33.12479,-3.2274826,-6.2107487,36.503113,0.8332076,-5.2841644,0.11013664,6.3472223,-1.611347,-13.611452,1.175589,0.29210153,-6.8715687,1.4676905,-4.0104103,20.76794,-7.7574506,-7.206767,37.831936,9.981731,-4.5850363,5.262616,4.192375,-2.2458298,-12.361641,4.4892654,1.7550035,-11.358439,3.9074564,-9.79019,14.150164,2.9904492,-7.6736507,44.945328,5.0614967,-5.442187,-1.0678465,9.100638,1.5012103,-20.873287,0.32562137,2.0854135,-13.314562,-2.978478,-21.555656,61.21682,4.886715,-10.6641,20.18613,4.0319586,-3.5339496,-10.199611,5.6935854,5.1021996,-19.649813,0.6368771,-22.293093,7.640131,6.876357,-11.593079,44.05226,-3.8787253,-7.6616793,0.4836435,8.8636055,2.9138324,-15.275474,1.4245936,Jumping
4.0918155,-16.989775,-0.85954463,0.2849187,-11.30816,-3.7494342,-24.754408,44.210285,14.231569,-11.722369,25.28833,0.7350424,-2.1404817,-12.907536,4.4725056,6.7901635,-18.354511,-5.482889,-17.040054,16.649788,9.088667,-13.185271,41.490387,3.5650752,-7.685622,4.68799,6.6201696,3.3831103,-17.83256,0.29689008,1.6017698,-12.14855,-1.7885233,-21.141447,53.07868,6.2514515,-9.835681,16.546833,5.4134555,-1.9728824,-12.014471,5.7534423,5.212336,-16.367262,-4.04393,-14.992949,4.6041903,7.395915,-19.836567,50.425823,7.5754857,-11.363228,6.1054006,5.497255,2.5115943,-19.29546,3.2777622,2.8563697,-14.82535,-0.11253092,-27.53416,47.78733,-0.75659084,-13.721589,24.955526,0.09337672,-5.212336,-11.030424,4.625739,6.304126,-19.917973,-0.9912298,-9.208381,-2.430189,3.7638,-21.864517,54.19441,8.123775,-12.064751,4.8915033,5.3272614,2.4948344,-20.032898,2.1979442,-0.22745611,-15.895591,0.014365649,-32.665092,51.917454,9.75667,-15.579546,22.589983,2.116539,-5.087834,-13.534836,5.3679643,6.3831367,-18.804634,-4.103787,-10.422278,-1.403045,3.9577363,-18.002552,52.372368,4.9561486,-10.498895,10.31693,6.095824,-0.7206767,-16.111074,2.9952378,3.8643596,-14.6074705,-2.1452703,-22.55407,29.542957,2.9928436,-15.15576,35.727367,2.4469488,-7.56112,-4.2642035,6.0048413,6.572284,-20.061628,2.0064023,-1.6065584,-11.796592,-0.36871833,-29.258038,58.15454,5.03516,-14.435082,15.730386,3.0167863,-3.806897,-15.232376,7.0966306,7.3384523,-16.999352,2.2506182,-19.276306,10.903527,2.308081,-17.655382,41.346733,4.5108137,-10.496501,-1.158829,8.176449,Jumping
5.978504,-17.059208,-3.1556542,-27.481485,49.2646,15.153365,-15.076749,23.15982,-0.6895511,-3.0718546,-12.636982,7.450983,5.095017,-17.746365,-6.0527267,-16.92034,7.556331,4.479688,-20.013742,50.207943,4.1588554,-6.9912825,-1.3886794,6.119766,4.1181526,-22.360132,-1.5538844,-1.2234744,-9.950606,-0.60335726,-22.685753,56.751495,9.320911,-8.696006,9.613013,4.436591,0.4166038,-14.303398,3.3591676,7.9968777,-14.475785,-3.727886,-21.56284,32.894943,15.153365,-10.1541195,29.492678,-4.896292,-2.5594797,-7.7861814,8.514041,4.285752,-17.049631,-2.205127,-3.8236568,-6.715941,3.205934,-22.757582,57.467384,-2.7653873,-7.4174633,4.3958883,7.24747,0.7015225,-16.57796,1.5131817,5.652883,-14.399169,-2.7677817,-28.949177,30.596437,16.515707,-13.084712,36.16552,-5.8228765,-6.4190507,-4.02717,9.79019,4.5467277,-16.618662,-2.0375278,0.97446984,-10.541992,-0.77574503,-21.960289,54.03639,5.5619006,-9.471751,13.551596,2.8204558,-3.1963568,-16.120653,4.9585433,9.320911,-15.392793,-3.756617,-29.420849,36.7593,9.80695,-10.903527,27.93161,-4.276175,-3.1149516,-5.3799353,6.3280683,6.454965,-16.90358,-2.083019,-1.1875603,-11.205206,0.5243462,-27.62275,58.69565,7.743085,-10.850853,8.703189,5.2290964,-2.727079,-16.82457,1.2953026,10.822123,-19.549253,-1.3192455,-31.795969,25.451141,10.745505,-14.667328,37.242943,-2.4182177,-6.8021345,-4.4054656,8.274613,6.6800265,-18.649006,-4.0463243,-3.9840732,-5.111777,0.15562786,-19.891636,52.64292,4.1947694,-8.662486,7.680834,4.850801,-1.0032011,-19.4463,-2.4373717,7.257047,-19.003359,0.72546524,Jumping
